timestamp,branch,ticker,spot,q_mark,pnl_7d
2026-03-13 07:34:45.205842,A,BTC-USD,72356,0.0,0.0
2026-03-13 07:34:45.457432,A,ETH-USD,2127.29,0.0,0.0
2026-03-13 07:34:45.699934,A,SOL-USD,90.16,0.0,0.0
2026-03-13 07:34:46.216494,A,XRP-USD,1.43,0.0,0.0
2026-03-13 07:34:46.627704,A,DOGE-USD,0.099773,0.0,0.0
2026-03-13 07:34:46.840922,A,BNB-USD,667.18,0.0,0.0
2026-03-13 07:34:47.083199,A,ADA-USD,0.274133,0.0,0.0
2026-03-13 07:34:47.608489,A,LINK-USD,9.27,0.0,0.0
2026-03-13 07:34:48.028609,A,LTC-USD,56.03,0.0,0.0
2026-03-13 07:34:48.633606,A,TRX-USD,0.288778,0.0,0.0
2026-03-13 07:35:19.095970,A,BTC-USD,72356,0.0,0.0
2026-03-13 07:35:19.288829,A,ETH-USD,2127.29,0.0,0.0
2026-03-13 07:35:19.554972,A,SOL-USD,90.16,0.0,0.0
2026-03-13 07:35:19.996889,A,XRP-USD,1.43,0.0,0.0
2026-03-13 07:35:20.246863,A,DOGE-USD,0.099773,0.0,0.0
2026-03-13 07:35:20.496131,A,BNB-USD,667.18,0.0,0.0
2026-03-13 07:35:20.760747,A,ADA-USD,0.274133,0.0,0.0
2026-03-13 07:35:21.147670,A,LINK-USD,9.27,0.0,0.0
2026-03-13 07:35:21.451819,A,LTC-USD,56.03,0.0,0.0
2026-03-13 07:35:21.858968,A,TRX-USD,0.288778,0.0,0.0
2026-03-13 07:35:52.357991,A,BTC-USD,72324,0.0,0.0
2026-03-13 07:35:52.637925,A,ETH-USD,2126.16,0.0,0.0
2026-03-13 07:35:52.854174,A,SOL-USD,90.15,0.0,0.0
2026-03-13 07:35:53.315886,A,XRP-USD,1.43,0.0,0.0
2026-03-13 07:35:53.574808,A,DOGE-USD,0.099733,0.0,0.0
2026-03-13 07:35:53.802400,A,BNB-USD,666.95,0.0,0.0
2026-03-13 07:35:54.089289,A,ADA-USD,0.274073,0.0,0.0
2026-03-13 07:35:54.448195,A,LINK-USD,9.27,0.0,0.0
2026-03-13 07:35:54.812053,A,LTC-USD,56.03,0.0,0.0
2026-03-13 07:35:55.060149,A,TRX-USD,0.288791,0.0,0.0
2026-03-13 07:36:25.427323,A,BTC-USD,72324,0.0,0.0
2026-03-13 07:36:25.670127,A,ETH-USD,2126.16,0.0,0.0
2026-03-13 07:36:26.055578,A,SOL-USD,90.15,0.0,0.0
2026-03-13 07:36:26.280611,A,XRP-USD,1.43,0.0,0.0
2026-03-13 07:36:26.540947,A,DOGE-USD,0.099733,0.0,0.0
2026-03-13 07:36:26.853853,A,BNB-USD,666.95,0.0,0.0
2026-03-13 07:36:27.090347,A,ADA-USD,0.274073,0.0,0.0
2026-03-13 07:36:27.427450,A,LINK-USD,9.27,0.0,0.0
2026-03-13 07:36:27.938180,A,LTC-USD,56.03,0.0,0.0
2026-03-13 07:36:28.219225,A,TRX-USD,0.288791,0.0,0.0
2026-03-13 07:36:58.690530,A,BTC-USD,72333,0.0,0.0
2026-03-13 07:36:59.022380,A,ETH-USD,2126.28,0.0,0.0
2026-03-13 07:36:59.309470,A,SOL-USD,90.15,0.0,0.0
2026-03-13 07:36:59.708446,A,XRP-USD,1.43,0.0,0.0
2026-03-13 07:36:59.945996,A,DOGE-USD,0.099735,0.0,0.0
2026-03-13 07:37:00.505607,A,BNB-USD,667.0,0.0,0.0
2026-03-13 07:37:01.001793,A,ADA-USD,0.27397,0.0,0.0
2026-03-13 07:37:01.257132,A,LINK-USD,9.27,0.0,0.0
2026-03-13 07:37:01.556991,A,LTC-USD,56.03,0.0,0.0
2026-03-13 07:37:02.021551,A,TRX-USD,0.288801,0.0,0.0
2026-03-13 07:37:32.479393,A,BTC-USD,72333,0.0,0.0
2026-03-13 07:37:33.011374,A,ETH-USD,2126.28,0.0,0.0
2026-03-13 07:37:33.268382,A,SOL-USD,90.15,0.0,0.0
2026-03-13 07:37:33.779437,A,XRP-USD,1.43,0.0,0.0
2026-03-13 07:37:34.102555,A,DOGE-USD,0.099735,0.0,0.0
2026-03-13 07:37:34.512120,A,BNB-USD,667.0,0.0,0.0
2026-03-13 07:37:34.754648,A,ADA-USD,0.27397,0.0,0.0
2026-03-13 07:37:35.151718,A,LINK-USD,9.27,0.0,0.0
2026-03-13 07:37:35.447080,A,LTC-USD,56.03,0.0,0.0
2026-03-13 07:37:35.716950,A,TRX-USD,0.288801,0.0,0.0
2026-03-13 07:38:06.049266,A,BTC-USD,72349,0.0,0.0
2026-03-13 07:38:06.287483,A,ETH-USD,2127.14,0.0,0.0
2026-03-13 07:38:06.823999,A,SOL-USD,90.17,0.0,0.0
2026-03-13 07:38:07.475528,A,XRP-USD,1.43,0.0,0.0
2026-03-13 07:38:07.761763,A,DOGE-USD,0.099731,0.0,0.0
2026-03-13 07:38:08.071509,A,BNB-USD,667.15,0.0,0.0
2026-03-13 07:38:08.489395,A,ADA-USD,0.273942,0.0,0.0
2026-03-13 07:38:08.724034,A,LINK-USD,9.28,0.0,0.0
2026-03-13 07:38:09.032925,A,LTC-USD,56.03,0.0,0.0
2026-03-13 07:38:09.410065,A,TRX-USD,0.28881,0.0,0.0
2026-03-13 07:38:39.800826,A,BTC-USD,72349,0.0,0.0
2026-03-13 07:38:40.032026,A,ETH-USD,2127.14,0.0,0.0
2026-03-13 07:38:40.261657,A,SOL-USD,90.17,0.0,0.0
2026-03-13 07:38:40.567028,A,XRP-USD,1.43,0.0,0.0
2026-03-13 07:38:40.812430,A,DOGE-USD,0.099731,0.0,0.0
2026-03-13 07:38:41.297526,A,BNB-USD,667.15,0.0,0.0
2026-03-13 07:38:41.673066,A,ADA-USD,0.273942,0.0,0.0
2026-03-13 07:38:41.900737,A,LINK-USD,9.28,0.0,0.0
2026-03-13 07:38:42.182195,A,LTC-USD,56.03,0.0,0.0
2026-03-13 07:38:42.420552,A,TRX-USD,0.28881,0.0,0.0
2026-03-13 07:39:12.914977,A,BTC-USD,72332,0.0,0.0
2026-03-13 07:39:13.244418,A,ETH-USD,2126.53,0.0,0.0
2026-03-13 07:39:13.635319,A,SOL-USD,90.17,0.0,0.0
2026-03-13 07:39:13.904651,A,XRP-USD,1.43,0.0,0.0
2026-03-13 07:39:14.131262,A,DOGE-USD,0.099733,0.0,0.0
2026-03-13 07:39:14.574814,A,BNB-USD,666.9,0.0,0.0
2026-03-13 07:39:14.810557,A,ADA-USD,0.273894,0.0,0.0
2026-03-13 07:39:15.235313,A,LINK-USD,9.28,0.0,0.0
2026-03-13 07:39:15.545081,A,LTC-USD,56.05,0.0,0.0
2026-03-13 07:39:16.266688,A,TRX-USD,0.288812,0.0,0.0
2026-03-13 07:39:46.623282,A,BTC-USD,72332,0.0,0.0
2026-03-13 07:39:47.132166,A,ETH-USD,2126.53,0.0,0.0
2026-03-13 07:39:47.632867,A,SOL-USD,90.17,0.0,0.0
2026-03-13 07:39:47.907298,A,XRP-USD,1.43,0.0,0.0
2026-03-13 07:39:48.145849,A,DOGE-USD,0.099733,0.0,0.0
2026-03-13 07:39:48.388514,A,BNB-USD,666.9,0.0,0.0
2026-03-13 07:39:48.675958,A,ADA-USD,0.273894,0.0,0.0
2026-03-13 07:39:48.916083,A,LINK-USD,9.28,0.0,0.0
2026-03-13 07:39:49.196031,A,LTC-USD,56.05,0.0,0.0
2026-03-13 07:39:49.562124,A,TRX-USD,0.288812,0.0,0.0
2026-03-13 07:40:19.924375,A,BTC-USD,72289,0.0,0.0
2026-03-13 07:40:20.155080,A,ETH-USD,2124.56,0.0,0.0
2026-03-13 07:40:20.661441,A,SOL-USD,90.13,0.0,0.0
2026-03-13 07:40:20.916043,A,XRP-USD,1.43,0.0,0.0
2026-03-13 07:40:21.178549,A,DOGE-USD,0.09971,0.0,0.0
2026-03-13 07:40:21.458565,A,BNB-USD,666.57,0.0,0.0
2026-03-13 07:40:21.715362,A,ADA-USD,0.273793,0.0,0.0
2026-03-13 07:40:22.112549,A,LINK-USD,9.28,0.0,0.0
2026-03-13 07:40:22.364221,A,LTC-USD,56.05,0.0,0.0
2026-03-13 07:40:22.612151,A,TRX-USD,0.288796,0.0,0.0
2026-03-13 07:40:53.121247,A,BTC-USD,72289,0.0,0.0
2026-03-13 07:40:53.361454,A,ETH-USD,2124.56,0.0,0.0
2026-03-13 07:40:53.906943,A,SOL-USD,90.13,0.0,0.0
2026-03-13 07:40:54.158187,A,XRP-USD,1.43,0.0,0.0
2026-03-13 07:40:54.398115,A,DOGE-USD,0.09971,0.0,0.0
2026-03-13 07:40:54.622510,A,BNB-USD,666.57,0.0,0.0
2026-03-13 07:40:54.851943,A,ADA-USD,0.273793,0.0,0.0
2026-03-13 07:40:55.273565,A,LINK-USD,9.28,0.0,0.0
2026-03-13 07:40:55.582613,A,LTC-USD,56.05,0.0,0.0
2026-03-13 07:40:55.831381,A,TRX-USD,0.288796,0.0,0.0
2026-03-13 07:41:26.537276,A,BTC-USD,72300,0.0,0.0
2026-03-13 07:41:26.835159,A,ETH-USD,2124.74,0.0,0.0
2026-03-13 07:41:27.065465,A,SOL-USD,90.11,0.0,0.0
2026-03-13 07:41:27.570494,A,XRP-USD,1.43,0.0,0.0
2026-03-13 07:41:27.897188,A,DOGE-USD,0.09969,0.0,0.0
2026-03-13 07:41:28.126227,A,BNB-USD,666.26,0.0,0.0
2026-03-13 07:41:28.391009,A,ADA-USD,0.273658,0.0,0.0
2026-03-13 07:41:28.835785,A,LINK-USD,9.28,0.0,0.0
2026-03-13 07:41:29.078793,A,LTC-USD,56.04,0.0,0.0
2026-03-13 07:41:29.315911,A,TRX-USD,0.288747,0.0,0.0
2026-03-13 07:41:59.799108,A,BTC-USD,72300,0.0,0.0
2026-03-13 07:42:00.091820,A,ETH-USD,2124.74,0.0,0.0
2026-03-13 07:42:00.331181,A,SOL-USD,90.11,0.0,0.0
2026-03-13 07:42:00.741527,A,XRP-USD,1.43,0.0,0.0
2026-03-13 07:42:01.093458,A,DOGE-USD,0.09969,0.0,0.0
2026-03-13 07:42:01.307085,A,BNB-USD,666.26,0.0,0.0
2026-03-13 07:42:01.715463,A,ADA-USD,0.273658,0.0,0.0
2026-03-13 07:42:01.923259,A,LINK-USD,9.28,0.0,0.0
2026-03-13 07:42:02.392442,A,LTC-USD,56.04,0.0,0.0
2026-03-13 07:42:02.810681,A,TRX-USD,0.288747,0.0,0.0
2026-03-13 07:42:33.358333,A,BTC-USD,72322,0.0,0.0
2026-03-13 07:42:33.626508,A,ETH-USD,2124.42,0.0,0.0
2026-03-13 07:42:33.848493,A,SOL-USD,90.13,0.0,0.0
2026-03-13 07:42:34.151235,A,XRP-USD,1.43,0.0,0.0
2026-03-13 07:42:34.610669,A,DOGE-USD,0.09972,0.0,0.0
2026-03-13 07:42:34.820543,A,BNB-USD,666.54,0.0,0.0
2026-03-13 07:42:35.291029,A,ADA-USD,0.273647,0.0,0.0
2026-03-13 07:42:35.675644,A,LINK-USD,9.28,0.0,0.0
2026-03-13 07:42:35.890792,A,LTC-USD,56.05,0.0,0.0
2026-03-13 07:42:36.248073,A,TRX-USD,0.28874,0.0,0.0
2026-03-13 07:43:06.572606,A,BTC-USD,72322,0.0,0.0
2026-03-13 07:43:06.786730,A,ETH-USD,2124.42,0.0,0.0
2026-03-13 07:43:07.074403,A,SOL-USD,90.13,0.0,0.0
2026-03-13 07:43:07.307640,A,XRP-USD,1.43,0.0,0.0
2026-03-13 07:43:07.598321,A,DOGE-USD,0.09972,0.0,0.0
2026-03-13 07:43:07.859169,A,BNB-USD,666.54,0.0,0.0
2026-03-13 07:43:08.097863,A,ADA-USD,0.273647,0.0,0.0
2026-03-13 07:43:08.506062,A,LINK-USD,9.28,0.0,0.0
2026-03-13 07:43:08.866172,A,LTC-USD,56.05,0.0,0.0
2026-03-13 07:43:09.110761,A,TRX-USD,0.28874,0.0,0.0
2026-03-13 07:43:39.606892,A,BTC-USD,72316,0.0,0.0
2026-03-13 07:43:39.838769,A,ETH-USD,2123.52,0.0,0.0
2026-03-13 07:43:40.197588,A,SOL-USD,90.12,0.0,0.0
2026-03-13 07:43:40.641790,A,XRP-USD,1.43,0.0,0.0
2026-03-13 07:43:41.083761,A,DOGE-USD,0.099735,0.0,0.0
2026-03-13 07:43:41.319671,A,BNB-USD,666.56,0.0,0.0
2026-03-13 07:43:41.737092,A,ADA-USD,0.273657,0.0,0.0
2026-03-13 07:43:41.952476,A,LINK-USD,9.28,0.0,0.0
2026-03-13 07:43:42.167150,A,LTC-USD,56.04,0.0,0.0
2026-03-13 07:43:42.414752,A,TRX-USD,0.288732,0.0,0.0
2026-03-16 03:42:26.157902,A,BTC-USD,73531,0.0167,"{'ticker': 'BTC-USD', 'short_tag': 'BTC', 'spot': 73531, 'robust_z': np.float64(-0.11196393915228585), 'velocity': -266.09375, 'acceleration': -75.0625, 'q_mark': 0.0167, 'tax_call': 'WATCHING', 'svd_deviation': 0.0022511049688749237, 'gravity_well': 0.9968570510436381, 'mesh_fold': 41.5083161093516, 'splash_impact': 0}"
2026-03-16 03:42:26.478009,A,ETH-USD,2253.42,0.0247,"{'ticker': 'ETH-USD', 'short_tag': 'ETH', 'spot': 2253.42, 'robust_z': np.float64(0.16642976533965975), 'velocity': -11.99609375, 'acceleration': -4.39404296875, 'q_mark': 0.0247, 'tax_call': 'WATCHING', 'svd_deviation': 0.003444654966284055, 'gravity_well': 0.9952333777578081, 'mesh_fold': 36.240336087646945, 'splash_impact': 0}"
2026-03-16 03:42:26.981582,A,SOL-USD,93.61,0.0409,"{'ticker': 'SOL-USD', 'short_tag': 'SOL', 'spot': 93.61, 'robust_z': np.float64(0.2782173487826048), 'velocity': 0.1340789794921875, 'acceleration': 0.14990234375, 'q_mark': 0.0409, 'tax_call': 'WATCHING', 'svd_deviation': 0.003358609459929387, 'gravity_well': 0.9953409102915767, 'mesh_fold': 33.85328515991022, 'splash_impact': 0}"
2026-03-16 03:42:27.231094,A,XRP-USD,1.48,0.0445,"{'ticker': 'XRP-USD', 'short_tag': 'XRP', 'spot': 1.48, 'robust_z': np.float64(0.3034073878585969), 'velocity': -0.0015064477920532227, 'acceleration': 0.0001507401466369629, 'q_mark': 0.0445, 'tax_call': 'WATCHING', 'svd_deviation': 0.0028561037321728645, 'gravity_well': 0.9960106942321527, 'mesh_fold': 41.851824334717364, 'splash_impact': 0}"
2026-03-16 03:42:27.454117,A,DOGE-USD,0.102242,0.0828,"{'ticker': 'DOGE-USD', 'short_tag': 'DOGE', 'spot': 0.102242, 'robust_z': np.float64(0.5759894054245799), 'velocity': 4.970282316207886e-05, 'acceleration': 8.769705891609192e-05, 'q_mark': 0.0828, 'tax_call': 'WATCHING', 'svd_deviation': 0.00313421543868982, 'gravity_well': 0.9956408426529277, 'mesh_fold': 47.2282064182917, 'splash_impact': 0}"
2026-03-16 03:42:27.679643,A,BNB-USD,678.4,0.0105,"{'ticker': 'BNB-USD', 'short_tag': 'BNB', 'spot': 678.4, 'robust_z': np.float64(-0.07042656720937727), 'velocity': 0.17132568359375, 'acceleration': 0.810760498046875, 'q_mark': 0.0105, 'tax_call': 'WATCHING', 'svd_deviation': 0.002174578995419652, 'gravity_well': 0.996965486697059, 'mesh_fold': 33.236363947421346, 'splash_impact': 0}"
2026-03-16 03:42:28.170521,A,ADA-USD,0.290062,0.1099,"{'ticker': 'ADA-USD', 'short_tag': 'ADA', 'spot': 0.290062, 'robust_z': np.float64(0.775983236878459), 'velocity': -0.0006006062030792236, 'acceleration': 0.0005306601524353027, 'q_mark': 0.1099, 'tax_call': 'WATCHING', 'svd_deviation': 0.003595100761516359, 'gravity_well': 0.9950183972262694, 'mesh_fold': 48.861805703063695, 'splash_impact': 0}"
2026-03-16 03:42:28.405486,A,LINK-USD,9.7,0.0008,"{'ticker': 'LINK-USD', 'short_tag': 'LINK', 'spot': 9.7, 'robust_z': np.float64(-0.005422094350552467), 'velocity': -0.025636672973632812, 'acceleration': -0.004307270050048828, 'q_mark': 0.0008, 'tax_call': 'WATCHING', 'svd_deviation': 0.003462808214659311, 'gravity_well': 0.9951779622752782, 'mesh_fold': 39.061896761983434, 'splash_impact': 0}"
2026-03-16 03:42:28.631093,A,LTC-USD,57.51,0.1029,"{'ticker': 'LTC-USD', 'short_tag': 'LTC', 'spot': 57.51, 'robust_z': np.float64(0.724019236355397), 'velocity': 0.14795684814453125, 'acceleration': 0.07360458374023438, 'q_mark': 0.1029, 'tax_call': 'WATCHING', 'svd_deviation': 0.0020791896313363473, 'gravity_well': 0.9970904479325794, 'mesh_fold': 58.85149683318602, 'splash_impact': 0}"
2026-03-16 03:42:28.778709,A,ZEC-USD,232.95,0.3792,"{'ticker': 'ZEC-USD', 'short_tag': 'ZEC', 'spot': 232.95, 'robust_z': np.float64(0.4377997077274417), 'velocity': -0.7750048376559562, 'acceleration': 0.7268491863288773, 'q_mark': 0.3792, 'tax_call': 'WATCHING', 'svd_deviation': 0.008323230855830626, 'gravity_well': 0.988488051166405, 'mesh_fold': 24.53041928029099, 'splash_impact': 0}"
2026-03-16 03:42:59.057427,A,BTC-USD,73531,0.0147,"{'ticker': 'BTC-USD', 'short_tag': 'BTC', 'spot': 73531, 'robust_z': np.float64(-0.0985256703471758), 'velocity': -250.7265625, 'acceleration': -67.37890625, 'q_mark': 0.0147, 'tax_call': 'WATCHING', 'svd_deviation': 0.0022444617388174197, 'gravity_well': 0.9968658509952688, 'mesh_fold': 41.54992157459961, 'splash_impact': 0}"
2026-03-16 03:42:59.292287,A,ETH-USD,2253.42,0.0249,"{'ticker': 'ETH-USD', 'short_tag': 'ETH', 'spot': 2253.42, 'robust_z': np.float64(0.1680349391070263), 'velocity': -11.927001953125, 'acceleration': -4.542236328125, 'q_mark': 0.0249, 'tax_call': 'WATCHING', 'svd_deviation': 0.003453800513199938, 'gravity_well': 0.9952199788011968, 'mesh_fold': 36.24426858980538, 'splash_impact': 0}"
2026-03-16 03:42:59.782586,A,SOL-USD,93.61,0.0273,"{'ticker': 'SOL-USD', 'short_tag': 'SOL', 'spot': 93.61, 'robust_z': np.float64(0.18463264857188394), 'velocity': -0.04239654541015625, 'acceleration': 0.061664581298828125, 'q_mark': 0.0273, 'tax_call': 'WATCHING', 'svd_deviation': 0.00335988360696762, 'gravity_well': 0.9953409904454711, 'mesh_fold': 33.66940193919728, 'splash_impact': 0}"
2026-03-16 03:43:00.031349,A,XRP-USD,1.48,0.0392,"{'ticker': 'XRP-USD', 'short_tag': 'XRP', 'spot': 1.48, 'robust_z': np.float64(0.2668221855220085), 'velocity': -0.002849102020263672, 'acceleration': -0.0005205869674682617, 'q_mark': 0.0392, 'tax_call': 'WATCHING', 'svd_deviation': 0.0028699696098674296, 'gravity_well': 0.9959918446303203, 'mesh_fold': 41.71222006760403, 'splash_impact': 0}"
2026-03-16 03:43:00.279975,A,DOGE-USD,0.102242,0.0839,"{'ticker': 'DOGE-USD', 'short_tag': 'DOGE', 'spot': 0.102242, 'robust_z': np.float64(0.5844045221166186), 'velocity': 8.07642936706543e-05, 'acceleration': 0.00010322779417037964, 'q_mark': 0.0839, 'tax_call': 'WATCHING', 'svd_deviation': 0.0031335617092637185, 'gravity_well': 0.995641670768438, 'mesh_fold': 47.28691169647874, 'splash_impact': 0}"
2026-03-16 03:43:00.553670,A,BNB-USD,678.4,0.0246,"{'ticker': 'BNB-USD', 'short_tag': 'BNB', 'spot': 678.4, 'robust_z': np.float64(-0.16623668023869523), 'velocity': -0.78424072265625, 'acceleration': 0.332977294921875, 'q_mark': 0.0246, 'tax_call': 'WATCHING', 'svd_deviation': 0.0021814270233756795, 'gravity_well': 0.9969585514980288, 'mesh_fold': 33.048482970295865, 'splash_impact': 0}"
2026-03-16 03:43:00.795637,A,ADA-USD,0.290062,0.1109,"{'ticker': 'ADA-USD', 'short_tag': 'ADA', 'spot': 0.290062, 'robust_z': np.float64(0.783476321971645), 'velocity': -0.0004983842372894287, 'acceleration': 0.0005817711353302002, 'q_mark': 0.1109, 'tax_call': 'WATCHING', 'svd_deviation': 0.0035886960801059897, 'gravity_well': 0.9950263320660118, 'mesh_fold': 48.93307554887399, 'splash_impact': 0}"
2026-03-16 03:43:01.030853,A,LINK-USD,9.7,0.0008,"{'ticker': 'LINK-USD', 'short_tag': 'LINK', 'spot': 9.7, 'robust_z': np.float64(-0.005078124528130046), 'velocity': -0.02543926239013672, 'acceleration': -0.004208564758300781, 'q_mark': 0.0008, 'tax_call': 'WATCHING', 'svd_deviation': 0.0034624363865757186, 'gravity_well': 0.9951784563393308, 'mesh_fold': 39.06466751849423, 'splash_impact': 0}"
2026-03-16 03:43:01.242415,A,LTC-USD,57.51,0.0965,"{'ticker': 'LTC-USD', 'short_tag': 'LTC', 'spot': 57.51, 'robust_z': np.float64(0.67637988138766), 'velocity': 0.09621047973632812, 'acceleration': 0.04773139953613281, 'q_mark': 0.0965, 'tax_call': 'WATCHING', 'svd_deviation': 0.0020662445220893345, 'gravity_well': 0.9971080174236172, 'mesh_fold': 58.53894637058893, 'splash_impact': 0}"
2026-03-16 03:43:01.423050,A,ZEC-USD,232.95,0.3881,"{'ticker': 'ZEC-USD', 'short_tag': 'ZEC', 'spot': 232.95, 'robust_z': np.float64(0.45125447949165387), 'velocity': -0.5944988069031183, 'acceleration': 0.8171022017052962, 'q_mark': 0.3881, 'tax_call': 'WATCHING', 'svd_deviation': 0.00831646825729141, 'gravity_well': 0.988495551619137, 'mesh_fold': 24.210895775176226, 'splash_impact': 0}"
2026-03-16 03:43:31.683927,A,BTC-USD,73531,0.011,"{'ticker': 'BTC-USD', 'short_tag': 'BTC', 'spot': 73531, 'robust_z': np.float64(-0.0738694872675407), 'velocity': -222.53125, 'acceleration': -53.28125, 'q_mark': 0.011, 'tax_call': 'WATCHING', 'svd_deviation': 0.0022331568227474522, 'gravity_well': 0.9968808403203988, 'mesh_fold': 41.62669678898032, 'splash_impact': 0}"
2026-03-16 03:43:31.924901,A,ETH-USD,2253.42,0.0278,"{'ticker': 'ETH-USD', 'short_tag': 'ETH', 'spot': 2253.42, 'robust_z': np.float64(0.1877902288771433), 'velocity': -10.521728515625, 'acceleration': -3.839599609375, 'q_mark': 0.0278, 'tax_call': 'WATCHING', 'svd_deviation': 0.0034336556343501318, 'gravity_well': 0.995246532599051, 'mesh_fold': 36.313051861645384, 'splash_impact': 0}"
2026-03-16 03:43:32.277433,A,SOL-USD,93.61,0.0282,"{'ticker': 'SOL-USD', 'short_tag': 'SOL', 'spot': 93.61, 'robust_z': np.float64(0.1904991400900001), 'velocity': -0.03133392333984375, 'acceleration': 0.06719589233398438, 'q_mark': 0.0282, 'tax_call': 'WATCHING', 'svd_deviation': 0.0033592085289359487, 'gravity_well': 0.9953417985624519, 'mesh_fold': 33.68078919608685, 'splash_impact': 0}"
2026-03-16 03:43:32.899818,A,XRP-USD,1.48,0.0412,"{'ticker': 'XRP-USD', 'short_tag': 'XRP', 'spot': 1.48, 'robust_z': np.float64(0.28034055350488624), 'velocity': -0.0023723840713500977, 'acceleration': -0.0002822279930114746, 'q_mark': 0.0412, 'tax_call': 'WATCHING', 'svd_deviation': 0.0028645427393726866, 'gravity_well': 0.9959991739663172, 'mesh_fold': 41.75712028436248, 'splash_impact': 0}"
2026-03-16 03:43:33.466472,A,DOGE-USD,0.102242,0.0838,"{'ticker': 'DOGE-USD', 'short_tag': 'DOGE', 'spot': 0.102242, 'robust_z': np.float64(0.5834114212740945), 'velocity': 7.709860801696777e-05, 'acceleration': 0.00010139495134353638, 'q_mark': 0.0838, 'tax_call': 'WATCHING', 'svd_deviation': 0.00313360873806666, 'gravity_well': 0.9956416141946609, 'mesh_fold': 47.279970734655954, 'splash_impact': 0}"
2026-03-16 03:43:33.690427,A,BNB-USD,678.4,0.0237,"{'ticker': 'BNB-USD', 'short_tag': 'BNB', 'spot': 678.4, 'robust_z': np.float64(-0.15969584600066497), 'velocity': -0.724853515625, 'acceleration': 0.3626708984375, 'q_mark': 0.0237, 'tax_call': 'WATCHING', 'svd_deviation': 0.0021805166005276107, 'gravity_well': 0.9969596426727767, 'mesh_fold': 33.06000617048106, 'splash_impact': 0}"
2026-03-16 03:43:34.100772,A,ADA-USD,0.290062,0.1113,"{'ticker': 'ADA-USD', 'short_tag': 'ADA', 'spot': 0.290062, 'robust_z': np.float64(0.7868973631541316), 'velocity': -0.0004642605781555176, 'acceleration': 0.0006001144647598267, 'q_mark': 0.1113, 'tax_call': 'WATCHING', 'svd_deviation': 0.0035876662628478643, 'gravity_well': 0.9950273879578959, 'mesh_fold': 48.95791897972948, 'splash_impact': 0}"
2026-03-16 03:43:34.321796,A,LINK-USD,9.7,0.0006,"{'ticker': 'LINK-USD', 'short_tag': 'LINK', 'spot': 9.7, 'robust_z': np.float64(-0.003698921858513574), 'velocity': -0.02464771270751953, 'acceleration': -0.0038127899169921875, 'q_mark': 0.0006, 'tax_call': 'WATCHING', 'svd_deviation': 0.0034609679342483485, 'gravity_well': 0.9951804071417581, 'mesh_fold': 39.075785622855335, 'splash_impact': 0}"
2026-03-16 03:43:34.842930,A,LTC-USD,57.51,0.0977,"{'ticker': 'LTC-USD', 'short_tag': 'LTC', 'spot': 57.51, 'robust_z': np.float64(0.6851780007618643), 'velocity': 0.10590744018554688, 'acceleration': 0.05257987976074219, 'q_mark': 0.0977, 'tax_call': 'WATCHING', 'svd_deviation': 0.002068115615557695, 'gravity_well': 0.9971054745770597, 'mesh_fold': 58.59715290617376, 'splash_impact': 0}"
2026-03-16 03:43:34.988147,A,ZEC-USD,232.95,0.3893,"{'ticker': 'ZEC-USD', 'short_tag': 'ZEC', 'spot': 232.95, 'robust_z': np.float64(0.4529602228826996), 'velocity': -0.5716149576341536, 'acceleration': 0.8285441263397786, 'q_mark': 0.3893, 'tax_call': 'WATCHING', 'svd_deviation': 0.008315716434880714, 'gravity_well': 0.9884963605533583, 'mesh_fold': 24.171054255335843, 'splash_impact': 0}"
2026-03-16 03:44:05.326644,A,BTC-USD,73531,0.011,"{'ticker': 'BTC-USD', 'short_tag': 'BTC', 'spot': 73531, 'robust_z': np.float64(-0.0738694872675407), 'velocity': -222.53125, 'acceleration': -53.28125, 'q_mark': 0.011, 'tax_call': 'WATCHING', 'svd_deviation': 0.0022331568227474522, 'gravity_well': 0.9968808403203988, 'mesh_fold': 41.62669678898032, 'splash_impact': 0}"
2026-03-16 03:44:05.575217,A,ETH-USD,2253.42,0.0278,"{'ticker': 'ETH-USD', 'short_tag': 'ETH', 'spot': 2253.42, 'robust_z': np.float64(0.1877902288771433), 'velocity': -10.521728515625, 'acceleration': -3.839599609375, 'q_mark': 0.0278, 'tax_call': 'WATCHING', 'svd_deviation': 0.0034336556343501318, 'gravity_well': 0.995246532599051, 'mesh_fold': 36.313051861645384, 'splash_impact': 0}"
2026-03-16 03:44:05.971142,A,SOL-USD,93.61,0.0282,"{'ticker': 'SOL-USD', 'short_tag': 'SOL', 'spot': 93.61, 'robust_z': np.float64(0.1904991400900001), 'velocity': -0.03133392333984375, 'acceleration': 0.06719589233398438, 'q_mark': 0.0282, 'tax_call': 'WATCHING', 'svd_deviation': 0.0033592085289359487, 'gravity_well': 0.9953417985624519, 'mesh_fold': 33.68078919608685, 'splash_impact': 0}"
2026-03-16 03:44:06.196118,A,XRP-USD,1.48,0.0411,"{'ticker': 'XRP-USD', 'short_tag': 'XRP', 'spot': 1.48, 'robust_z': np.float64(0.2798119949994139), 'velocity': -0.0023723840713500977, 'acceleration': -0.0002822279930114746, 'q_mark': 0.0411, 'tax_call': 'WATCHING', 'svd_deviation': 0.002864432988368943, 'gravity_well': 0.9959993692991133, 'mesh_fold': 41.76158063141017, 'splash_impact': 0}"
2026-03-16 03:44:06.748338,A,DOGE-USD,0.102242,0.0838,"{'ticker': 'DOGE-USD', 'short_tag': 'DOGE', 'spot': 0.102242, 'robust_z': np.float64(0.5834114212740945), 'velocity': 7.709860801696777e-05, 'acceleration': 0.00010139495134353638, 'q_mark': 0.0838, 'tax_call': 'WATCHING', 'svd_deviation': 0.00313360873806666, 'gravity_well': 0.9956416141946609, 'mesh_fold': 47.279970734655954, 'splash_impact': 0}"
2026-03-16 03:44:06.977045,A,BNB-USD,678.4,0.0237,"{'ticker': 'BNB-USD', 'short_tag': 'BNB', 'spot': 678.4, 'robust_z': np.float64(-0.15969584600066497), 'velocity': -0.724853515625, 'acceleration': 0.3626708984375, 'q_mark': 0.0237, 'tax_call': 'WATCHING', 'svd_deviation': 0.0021805166005276107, 'gravity_well': 0.9969596426727767, 'mesh_fold': 33.06000617048106, 'splash_impact': 0}"
2026-03-16 03:44:07.342956,A,ADA-USD,0.290062,0.1113,"{'ticker': 'ADA-USD', 'short_tag': 'ADA', 'spot': 0.290062, 'robust_z': np.float64(0.7868973631541316), 'velocity': -0.00045171380043029785, 'acceleration': 0.0006051063537597656, 'q_mark': 0.1113, 'tax_call': 'WATCHING', 'svd_deviation': 0.0035860038958137586, 'gravity_well': 0.9950296404756445, 'mesh_fold': 48.96573212732253, 'splash_impact': 0}"
2026-03-16 03:44:07.881001,A,LINK-USD,9.7,0.0006,"{'ticker': 'LINK-USD', 'short_tag': 'LINK', 'spot': 9.7, 'robust_z': np.float64(-0.003698921858513574), 'velocity': -0.02464771270751953, 'acceleration': -0.0038127899169921875, 'q_mark': 0.0006, 'tax_call': 'WATCHING', 'svd_deviation': 0.0034609679342483485, 'gravity_well': 0.9951804071417581, 'mesh_fold': 39.075785622855335, 'splash_impact': 0}"
2026-03-16 03:44:08.099870,A,LTC-USD,57.51,0.0977,"{'ticker': 'LTC-USD', 'short_tag': 'LTC', 'spot': 57.51, 'robust_z': np.float64(0.6851780007618643), 'velocity': 0.10590744018554688, 'acceleration': 0.05257987976074219, 'q_mark': 0.0977, 'tax_call': 'WATCHING', 'svd_deviation': 0.002068115615557695, 'gravity_well': 0.9971054745770597, 'mesh_fold': 58.59715290617376, 'splash_impact': 0}"
2026-03-16 03:44:08.287232,A,ZEC-USD,232.95,0.3893,"{'ticker': 'ZEC-USD', 'short_tag': 'ZEC', 'spot': 232.95, 'robust_z': np.float64(0.4530171744688706), 'velocity': -0.5708509086450704, 'acceleration': 0.8289261508343202, 'q_mark': 0.3893, 'tax_call': 'WATCHING', 'svd_deviation': 0.008315691742870081, 'gravity_well': 0.9884963870104619, 'mesh_fold': 24.16972657151487, 'splash_impact': 0}"
2026-03-16 03:44:38.639578,A,BTC-USD,73531,0.011,"{'ticker': 'BTC-USD', 'short_tag': 'BTC', 'spot': 73531, 'robust_z': np.float64(-0.0738694872675407), 'velocity': -222.53125, 'acceleration': -53.28125, 'q_mark': 0.011, 'tax_call': 'WATCHING', 'svd_deviation': 0.0022331568227474522, 'gravity_well': 0.9968808403203988, 'mesh_fold': 41.62669678898032, 'splash_impact': 0}"
2026-03-16 03:44:38.881278,A,ETH-USD,2253.42,0.0281,"{'ticker': 'ETH-USD', 'short_tag': 'ETH', 'spot': 2253.42, 'robust_z': np.float64(0.19016525676472512), 'velocity': -10.352783203125, 'acceleration': -3.755126953125, 'q_mark': 0.0281, 'tax_call': 'WATCHING', 'svd_deviation': 0.0034313741823336972, 'gravity_well': 0.995249541953624, 'mesh_fold': 36.32136231701454, 'splash_impact': 0}"
2026-03-16 03:44:39.099601,A,SOL-USD,93.61,0.0286,"{'ticker': 'SOL-USD', 'short_tag': 'SOL', 'spot': 93.61, 'robust_z': np.float64(0.19310467149528757), 'velocity': -0.02642059326171875, 'acceleration': 0.06965255737304688, 'q_mark': 0.0286, 'tax_call': 'WATCHING', 'svd_deviation': 0.0033589341966553813, 'gravity_well': 0.9953421226468324, 'mesh_fold': 33.68585267293324, 'splash_impact': 0}"
2026-03-16 03:44:39.330010,A,XRP-USD,1.48,0.0411,"{'ticker': 'XRP-USD', 'short_tag': 'XRP', 'spot': 1.48, 'robust_z': np.float64(0.2798119949994139), 'velocity': -0.0023723840713500977, 'acceleration': -0.0002822279930114746, 'q_mark': 0.0411, 'tax_call': 'WATCHING', 'svd_deviation': 0.002864432988368943, 'gravity_well': 0.9959993692991133, 'mesh_fold': 41.76158063141017, 'splash_impact': 0}"
2026-03-16 03:44:39.664783,A,DOGE-USD,0.102242,0.0838,"{'ticker': 'DOGE-USD', 'short_tag': 'DOGE', 'spot': 0.102242, 'robust_z': np.float64(0.5834114212740945), 'velocity': 7.709860801696777e-05, 'acceleration': 0.00010139495134353638, 'q_mark': 0.0838, 'tax_call': 'WATCHING', 'svd_deviation': 0.0031350188825650382, 'gravity_well': 0.9956395846691268, 'mesh_fold': 47.2706160789722, 'splash_impact': 0}"
2026-03-16 03:44:40.068949,A,BNB-USD,678.4,0.0241,"{'ticker': 'BNB-USD', 'short_tag': 'BNB', 'spot': 678.4, 'robust_z': np.float64(-0.16287551156550392), 'velocity': -0.75372314453125, 'acceleration': 0.348236083984375, 'q_mark': 0.0241, 'tax_call': 'WATCHING', 'svd_deviation': 0.0021809511916777245, 'gravity_well': 0.9969591230768425, 'mesh_fold': 33.054401925798274, 'splash_impact': 0}"
2026-03-16 03:44:40.468920,A,ADA-USD,0.290062,0.1135,"{'ticker': 'ADA-USD', 'short_tag': 'ADA', 'spot': 0.290062, 'robust_z': np.float64(0.8031265553282652), 'velocity': -0.00023031234741210938, 'acceleration': 0.0007158070802688599, 'q_mark': 0.1135, 'tax_call': 'WATCHING', 'svd_deviation': 0.0035752246513569693, 'gravity_well': 0.9950426307609112, 'mesh_fold': 49.121662951414926, 'splash_impact': 0}"
2026-03-16 03:44:40.922860,A,LINK-USD,9.7,0.0006,"{'ticker': 'LINK-USD', 'short_tag': 'LINK', 'spot': 9.7, 'robust_z': np.float64(-0.003698921858513574), 'velocity': -0.024919509887695312, 'acceleration': -0.004084587097167969, 'q_mark': 0.0006, 'tax_call': 'WATCHING', 'svd_deviation': 0.0034616179727764524, 'gravity_well': 0.9951795022858244, 'mesh_fold': 39.07224446092023, 'splash_impact': 0}"
2026-03-16 03:44:41.157662,A,LTC-USD,57.51,0.0977,"{'ticker': 'LTC-USD', 'short_tag': 'LTC', 'spot': 57.51, 'robust_z': np.float64(0.6851216223014183), 'velocity': 0.10584640502929688, 'acceleration': 0.05254936218261719, 'q_mark': 0.0977, 'tax_call': 'WATCHING', 'svd_deviation': 0.002068103034524784, 'gravity_well': 0.9971054916726488, 'mesh_fold': 58.59678601716194, 'splash_impact': 0}"
2026-03-16 03:44:41.300616,A,ZEC-USD,232.95,0.3888,"{'ticker': 'ZEC-USD', 'short_tag': 'ZEC', 'spot': 232.95, 'robust_z': np.float64(0.4522632382123064), 'velocity': -0.5809655388668205, 'acceleration': 0.8238688357234452, 'q_mark': 0.3888, 'tax_call': 'WATCHING', 'svd_deviation': 0.008316020766458685, 'gravity_well': 0.9884960338780591, 'mesh_fold': 24.187316046019234, 'splash_impact': 0}"
2026-03-16 03:45:11.628641,A,BTC-USD,73531,0.011,"{'ticker': 'BTC-USD', 'short_tag': 'BTC', 'spot': 73531, 'robust_z': np.float64(-0.0738694872675407), 'velocity': -222.53125, 'acceleration': -53.28125, 'q_mark': 0.011, 'tax_call': 'WATCHING', 'svd_deviation': 0.0022331568227474522, 'gravity_well': 0.9968808403203988, 'mesh_fold': 41.62669678898032, 'splash_impact': 0}"
2026-03-16 03:45:12.097551,A,ETH-USD,2253.42,0.0277,"{'ticker': 'ETH-USD', 'short_tag': 'ETH', 'spot': 2253.42, 'robust_z': np.float64(0.1874435468929257), 'velocity': -10.49560546875, 'acceleration': -3.643798828125, 'q_mark': 0.0277, 'tax_call': 'WATCHING', 'svd_deviation': 0.003423157631412746, 'gravity_well': 0.9952616255015666, 'mesh_fold': 36.313749736016035, 'splash_impact': 0}"
2026-03-16 03:45:12.656346,A,SOL-USD,93.61,0.0286,"{'ticker': 'SOL-USD', 'short_tag': 'SOL', 'spot': 93.61, 'robust_z': np.float64(0.19310467149528757), 'velocity': -0.02642059326171875, 'acceleration': 0.06965255737304688, 'q_mark': 0.0286, 'tax_call': 'WATCHING', 'svd_deviation': 0.0033589341966553813, 'gravity_well': 0.9953421226468324, 'mesh_fold': 33.68585267293324, 'splash_impact': 0}"
2026-03-16 03:45:12.989359,A,XRP-USD,1.48,0.0411,"{'ticker': 'XRP-USD', 'short_tag': 'XRP', 'spot': 1.48, 'robust_z': np.float64(0.2798119949994139), 'velocity': -0.0023723840713500977, 'acceleration': -0.0002822279930114746, 'q_mark': 0.0411, 'tax_call': 'WATCHING', 'svd_deviation': 0.002864432988368943, 'gravity_well': 0.9959993692991133, 'mesh_fold': 41.76158063141017, 'splash_impact': 0}"
2026-03-16 03:45:13.212099,A,DOGE-USD,0.102242,0.084,"{'ticker': 'DOGE-USD', 'short_tag': 'DOGE', 'spot': 0.102242, 'robust_z': np.float64(0.5846527973272496), 'velocity': 8.168071508407593e-05, 'acceleration': 0.00010368600487709045, 'q_mark': 0.084, 'tax_call': 'WATCHING', 'svd_deviation': 0.0031335512117121192, 'gravity_well': 0.9956416831910221, 'mesh_fold': 47.28864747795496, 'splash_impact': 0}"
2026-03-16 03:45:13.534649,A,BNB-USD,678.4,0.0312,"{'ticker': 'BNB-USD', 'short_tag': 'BNB', 'spot': 678.4, 'robust_z': np.float64(-0.21158408308019458), 'velocity': -1.1927490234375, 'acceleration': 0.12872314453125, 'q_mark': 0.0312, 'tax_call': 'WATCHING', 'svd_deviation': 0.0021908609113620464, 'gravity_well': 0.9969464092715142, 'mesh_fold': 32.9722371290024, 'splash_impact': 0}"
2026-03-16 03:45:13.969206,A,ADA-USD,0.290062,0.1135,"{'ticker': 'ADA-USD', 'short_tag': 'ADA', 'spot': 0.290062, 'robust_z': np.float64(0.8031265553282652), 'velocity': -0.00023031234741210938, 'acceleration': 0.0007158070802688599, 'q_mark': 0.1135, 'tax_call': 'WATCHING', 'svd_deviation': 0.0035752246513569693, 'gravity_well': 0.9950426307609112, 'mesh_fold': 49.121662951414926, 'splash_impact': 0}"
2026-03-16 03:45:14.220415,A,LINK-USD,9.7,0.0009,"{'ticker': 'LINK-USD', 'short_tag': 'LINK', 'spot': 9.7, 'robust_z': np.float64(-0.005776034312755249), 'velocity': -0.025839805603027344, 'acceleration': -0.004408836364746094, 'q_mark': 0.0009, 'tax_call': 'WATCHING', 'svd_deviation': 0.0034631931525364356, 'gravity_well': 0.995177450752, 'mesh_fold': 39.05904655679128, 'splash_impact': 0}"
2026-03-16 03:45:14.508811,A,LTC-USD,57.51,0.0977,"{'ticker': 'LTC-USD', 'short_tag': 'LTC', 'spot': 57.51, 'robust_z': np.float64(0.6851216223014183), 'velocity': 0.10584640502929688, 'acceleration': 0.05254936218261719, 'q_mark': 0.0977, 'tax_call': 'WATCHING', 'svd_deviation': 0.002068103034524784, 'gravity_well': 0.9971054916726488, 'mesh_fold': 58.59678601716194, 'splash_impact': 0}"
2026-03-16 03:45:14.657189,A,ZEC-USD,232.95,0.3895,"{'ticker': 'ZEC-USD', 'short_tag': 'ZEC', 'spot': 232.95, 'robust_z': np.float64(0.4532626159870668), 'velocity': -0.5675581233784044, 'acceleration': 0.8305725434676532, 'q_mark': 0.3895, 'tax_call': 'WATCHING', 'svd_deviation': 0.008315585632003516, 'gravity_well': 0.9884965006234233, 'mesh_fold': 24.164006598080018, 'splash_impact': 0}"
2026-03-16 03:45:44.982210,A,BTC-USD,73531,0.0122,"{'ticker': 'BTC-USD', 'short_tag': 'BTC', 'spot': 73531, 'robust_z': np.float64(-0.08184909985745863), 'velocity': -231.65625, 'acceleration': -57.84375, 'q_mark': 0.0122, 'tax_call': 'WATCHING', 'svd_deviation': 0.0022366894760619, 'gravity_well': 0.9968761547603008, 'mesh_fold': 41.60178732863273, 'splash_impact': 0}"
2026-03-16 03:45:45.490932,A,ETH-USD,2253.42,0.0278,"{'ticker': 'ETH-USD', 'short_tag': 'ETH', 'spot': 2253.42, 'robust_z': np.float64(0.18815746584820003), 'velocity': -10.49560546875, 'acceleration': -3.8265380859375, 'q_mark': 0.0278, 'tax_call': 'WATCHING', 'svd_deviation': 0.003433300885343226, 'gravity_well': 0.9952470005097362, 'mesh_fold': 36.31433628110908, 'splash_impact': 0}"
2026-03-16 03:45:45.883071,A,SOL-USD,93.61,0.0263,"{'ticker': 'SOL-USD', 'short_tag': 'SOL', 'spot': 93.61, 'robust_z': np.float64(0.17761713388746087), 'velocity': -0.05562591552734375, 'acceleration': 0.055049896240234375, 'q_mark': 0.0263, 'tax_call': 'WATCHING', 'svd_deviation': 0.0033607952334560333, 'gravity_well': 0.9953398815503968, 'mesh_fold': 33.655808746463244, 'splash_impact': 0}"
2026-03-16 03:45:46.104862,A,XRP-USD,1.48,0.0447,"{'ticker': 'XRP-USD', 'short_tag': 'XRP', 'spot': 1.48, 'robust_z': np.float64(0.3051971815625355), 'velocity': -0.0014407634735107422, 'acceleration': 0.00018358230590820312, 'q_mark': 0.0447, 'tax_call': 'WATCHING', 'svd_deviation': 0.0028555633055294457, 'gravity_well': 0.9960114290183073, 'mesh_fold': 41.858700405453504, 'splash_impact': 0}"
2026-03-16 03:45:46.351861,A,DOGE-USD,0.102242,0.083,"{'ticker': 'DOGE-USD', 'short_tag': 'DOGE', 'spot': 0.102242, 'robust_z': np.float64(0.5780018475790444), 'velocity': 5.7131052017211914e-05, 'acceleration': 9.141117334365845e-05, 'q_mark': 0.083, 'tax_call': 'WATCHING', 'svd_deviation': 0.0031340064544225013, 'gravity_well': 0.9956411126350786, 'mesh_fold': 47.242222983698504, 'splash_impact': 0}"
2026-03-16 03:45:46.568940,A,BNB-USD,678.4,0.0312,"{'ticker': 'BNB-USD', 'short_tag': 'BNB', 'spot': 678.4, 'robust_z': np.float64(-0.21122928409803396), 'velocity': -1.1927490234375, 'acceleration': 0.12872314453125, 'q_mark': 0.0312, 'tax_call': 'WATCHING', 'svd_deviation': 0.002189416708094734, 'gravity_well': 0.9969487040866528, 'mesh_fold': 32.96976428966774, 'splash_impact': 0}"
2026-03-16 03:45:46.991867,A,ADA-USD,0.290062,0.1136,"{'ticker': 'ADA-USD', 'short_tag': 'ADA', 'spot': 0.290062, 'robust_z': np.float64(0.8042494258057863), 'velocity': -0.00021499395370483398, 'acceleration': 0.0007234662771224976, 'q_mark': 0.1136, 'tax_call': 'WATCHING', 'svd_deviation': 0.003574601044877102, 'gravity_well': 0.9950433635032621, 'mesh_fold': 49.13251351737613, 'splash_impact': 0}"
2026-03-16 03:45:47.360526,A,LINK-USD,9.7,0.0008,"{'ticker': 'LINK-USD', 'short_tag': 'LINK', 'spot': 9.7, 'robust_z': np.float64(-0.0052310000047622335), 'velocity': -0.025527000427246094, 'acceleration': -0.004252433776855469, 'q_mark': 0.0008, 'tax_call': 'WATCHING', 'svd_deviation': 0.0034626013676409646, 'gravity_well': 0.9951782371265867, 'mesh_fold': 39.06343596906942, 'splash_impact': 0}"
2026-03-16 03:45:47.739676,A,LTC-USD,57.51,0.0961,"{'ticker': 'LTC-USD', 'short_tag': 'LTC', 'spot': 57.51, 'robust_z': np.float64(0.6738504284793475), 'velocity': 0.09074020385742188, 'acceleration': 0.04499626159667969, 'q_mark': 0.0961, 'tax_call': 'WATCHING', 'svd_deviation': 0.0020653025608600418, 'gravity_well': 0.9971092977041774, 'mesh_fold': 58.50618428849754, 'splash_impact': 0}"
2026-03-16 03:45:47.871921,A,ZEC-USD,232.95,0.3867,"{'ticker': 'ZEC-USD', 'short_tag': 'ZEC', 'spot': 232.95, 'robust_z': np.float64(0.449130271765312), 'velocity': -0.6229966745664228, 'acceleration': 0.802853267873644, 'q_mark': 0.3867, 'tax_call': 'WATCHING', 'svd_deviation': 0.008317437737027082, 'gravity_well': 0.9884944995343591, 'mesh_fold': 24.260718903785264, 'splash_impact': 0}"
2026-03-16 03:46:18.152754,A,BTC-USD,73531,0.0122,"{'ticker': 'BTC-USD', 'short_tag': 'BTC', 'spot': 73531, 'robust_z': np.float64(-0.08184909985745863), 'velocity': -231.65625, 'acceleration': -57.84375, 'q_mark': 0.0122, 'tax_call': 'WATCHING', 'svd_deviation': 0.0022366894760619, 'gravity_well': 0.9968761547603008, 'mesh_fold': 41.60178732863273, 'splash_impact': 0}"
2026-03-16 03:46:18.420504,A,ETH-USD,2253.42,0.0278,"{'ticker': 'ETH-USD', 'short_tag': 'ETH', 'spot': 2253.42, 'robust_z': np.float64(0.18815746584820003), 'velocity': -10.49560546875, 'acceleration': -3.8265380859375, 'q_mark': 0.0278, 'tax_call': 'WATCHING', 'svd_deviation': 0.003433300885343226, 'gravity_well': 0.9952470005097362, 'mesh_fold': 36.31433628110908, 'splash_impact': 0}"
2026-03-16 03:46:18.799978,A,SOL-USD,93.61,0.0263,"{'ticker': 'SOL-USD', 'short_tag': 'SOL', 'spot': 93.61, 'robust_z': np.float64(0.17761713388746087), 'velocity': -0.05562591552734375, 'acceleration': 0.055049896240234375, 'q_mark': 0.0263, 'tax_call': 'WATCHING', 'svd_deviation': 0.0033607952334560333, 'gravity_well': 0.9953398815503968, 'mesh_fold': 33.655808746463244, 'splash_impact': 0}"
2026-03-16 03:46:19.031101,A,XRP-USD,1.48,0.0447,"{'ticker': 'XRP-USD', 'short_tag': 'XRP', 'spot': 1.48, 'robust_z': np.float64(0.3051971815625355), 'velocity': -0.0014407634735107422, 'acceleration': 0.00018358230590820312, 'q_mark': 0.0447, 'tax_call': 'WATCHING', 'svd_deviation': 0.0028555633055294457, 'gravity_well': 0.9960114290183073, 'mesh_fold': 41.858700405453504, 'splash_impact': 0}"
2026-03-16 03:46:19.264181,A,DOGE-USD,0.102242,0.083,"{'ticker': 'DOGE-USD', 'short_tag': 'DOGE', 'spot': 0.102242, 'robust_z': np.float64(0.5780018475790444), 'velocity': 5.7131052017211914e-05, 'acceleration': 9.141117334365845e-05, 'q_mark': 0.083, 'tax_call': 'WATCHING', 'svd_deviation': 0.0031340064544225013, 'gravity_well': 0.9956411126350786, 'mesh_fold': 47.242222983698504, 'splash_impact': 0}"
2026-03-16 03:46:19.476005,A,BNB-USD,678.4,0.0312,"{'ticker': 'BNB-USD', 'short_tag': 'BNB', 'spot': 678.4, 'robust_z': np.float64(-0.21122928409803396), 'velocity': -1.1927490234375, 'acceleration': 0.12872314453125, 'q_mark': 0.0312, 'tax_call': 'WATCHING', 'svd_deviation': 0.002189416708094734, 'gravity_well': 0.9969487040866528, 'mesh_fold': 32.96976428966774, 'splash_impact': 0}"
2026-03-16 03:46:19.727890,A,ADA-USD,0.290062,0.1136,"{'ticker': 'ADA-USD', 'short_tag': 'ADA', 'spot': 0.290062, 'robust_z': np.float64(0.8042494258057863), 'velocity': -0.00021499395370483398, 'acceleration': 0.0007234662771224976, 'q_mark': 0.1136, 'tax_call': 'WATCHING', 'svd_deviation': 0.003574601044877102, 'gravity_well': 0.9950433635032621, 'mesh_fold': 49.13251351737613, 'splash_impact': 0}"
2026-03-16 03:46:19.940644,A,LINK-USD,9.7,0.0008,"{'ticker': 'LINK-USD', 'short_tag': 'LINK', 'spot': 9.7, 'robust_z': np.float64(-0.0052310000047622335), 'velocity': -0.025527000427246094, 'acceleration': -0.004252433776855469, 'q_mark': 0.0008, 'tax_call': 'WATCHING', 'svd_deviation': 0.0034626013676409646, 'gravity_well': 0.9951782371265867, 'mesh_fold': 39.06343596906942, 'splash_impact': 0}"
2026-03-16 03:46:20.220201,A,LTC-USD,57.51,0.0961,"{'ticker': 'LTC-USD', 'short_tag': 'LTC', 'spot': 57.51, 'robust_z': np.float64(0.6738504284793475), 'velocity': 0.09074020385742188, 'acceleration': 0.04499626159667969, 'q_mark': 0.0961, 'tax_call': 'WATCHING', 'svd_deviation': 0.0020653025608600418, 'gravity_well': 0.9971092977041774, 'mesh_fold': 58.50618428849754, 'splash_impact': 0}"
2026-03-16 03:46:20.349857,A,ZEC-USD,232.95,0.3836,"{'ticker': 'ZEC-USD', 'short_tag': 'ZEC', 'spot': 232.95, 'robust_z': np.float64(0.4444753079824705), 'velocity': -0.6854465659851599, 'acceleration': 0.7716283221642755, 'q_mark': 0.3836, 'tax_call': 'WATCHING', 'svd_deviation': 0.008319691022779373, 'gravity_well': 0.9884920207500444, 'mesh_fold': 24.37071173317006, 'splash_impact': 0}"
2026-03-16 03:46:51.621559,A,BTC-USD,73531,0.0182,"{'ticker': 'BTC-USD', 'short_tag': 'BTC', 'spot': 73531, 'robust_z': np.float64(-0.12213657883241238), 'velocity': -46.0703125, 'acceleration': 92.79296875, 'q_mark': 0.0182, 'tax_call': 'WATCHING', 'svd_deviation': 0.00221866361923811, 'gravity_well': 0.9968984761500769, 'mesh_fold': 41.68882442136375, 'splash_impact': 0}"
2026-03-16 03:46:51.849817,A,ETH-USD,2253.42,0.0293,"{'ticker': 'ETH-USD', 'short_tag': 'ETH', 'spot': 2253.42, 'robust_z': np.float64(0.19824103800674828), 'velocity': -9.7783203125, 'acceleration': -3.4678955078125, 'q_mark': 0.0293, 'tax_call': 'WATCHING', 'svd_deviation': 0.0034238439857207192, 'gravity_well': 0.9952594766590669, 'mesh_fold': 36.349686574935156, 'splash_impact': 0}"
2026-03-16 03:46:52.521508,A,SOL-USD,93.61,0.0294,"{'ticker': 'SOL-USD', 'short_tag': 'SOL', 'spot': 93.61, 'robust_z': np.float64(0.19885383318304142), 'velocity': -0.0155792236328125, 'acceleration': 0.0750732421875, 'q_mark': 0.0294, 'tax_call': 'WATCHING', 'svd_deviation': 0.0033583843777475397, 'gravity_well': 0.995342761911372, 'mesh_fold': 33.69703833312948, 'splash_impact': 0}"
2026-03-16 03:46:52.789619,A,XRP-USD,1.48,0.0463,"{'ticker': 'XRP-USD', 'short_tag': 'XRP', 'spot': 1.48, 'robust_z': np.float64(0.3158157580020549), 'velocity': -0.0010510683059692383, 'acceleration': 0.0003784298896789551, 'q_mark': 0.0463, 'tax_call': 'WATCHING', 'svd_deviation': 0.002852623070624761, 'gravity_well': 0.9960154259339619, 'mesh_fold': 41.899584622596024, 'splash_impact': 0}"
2026-03-16 03:46:53.227394,A,DOGE-USD,0.102242,0.084,"{'ticker': 'DOGE-USD', 'short_tag': 'DOGE', 'spot': 0.102242, 'robust_z': np.float64(0.5848384991108111), 'velocity': 8.236616849899292e-05, 'acceleration': 0.00010402873158454895, 'q_mark': 0.084, 'tax_call': 'WATCHING', 'svd_deviation': 0.0031335436892694817, 'gravity_well': 0.9956416920327394, 'mesh_fold': 47.28994592754921, 'splash_impact': 0}"
2026-03-16 03:46:53.624595,A,BNB-USD,678.4,0.0306,"{'ticker': 'BNB-USD', 'short_tag': 'BNB', 'spot': 678.4, 'robust_z': np.float64(-0.20685976482288526), 'velocity': -1.153076171875, 'acceleration': 0.1485595703125, 'q_mark': 0.0306, 'tax_call': 'WATCHING', 'svd_deviation': 0.0021885090476999494, 'gravity_well': 0.9969498386316599, 'mesh_fold': 32.97736745326242, 'splash_impact': 0}"
2026-03-16 03:46:53.917859,A,ADA-USD,0.290062,0.0982,"{'ticker': 'ADA-USD', 'short_tag': 'ADA', 'spot': 0.290062, 'robust_z': np.float64(0.689444141668191), 'velocity': -2.7447938919067383e-05, 'acceleration': 9.37730073928833e-05, 'q_mark': 0.0982, 'tax_call': 'WATCHING', 'svd_deviation': 0.003555945088369163, 'gravity_well': 0.9950728747711678, 'mesh_fold': 49.168345801966346, 'splash_impact': 0}"
2026-03-16 03:46:54.174078,A,LINK-USD,9.7,0.0012,"{'ticker': 'LINK-USD', 'short_tag': 'LINK', 'spot': 9.7, 'robust_z': np.float64(-0.008170588616197289), 'velocity': -0.0007915496826171875, 'acceleration': 0.012367725372314453, 'q_mark': 0.0012, 'tax_call': 'WATCHING', 'svd_deviation': 0.003452595586793046, 'gravity_well': 0.9951902323561704, 'mesh_fold': 39.17585689788052, 'splash_impact': 0}"
2026-03-16 03:46:54.639726,A,LTC-USD,57.51,0.0963,"{'ticker': 'LTC-USD', 'short_tag': 'LTC', 'spot': 57.51, 'robust_z': np.float64(0.6747398407292429), 'velocity': 0.09265899658203125, 'acceleration': 0.045955657958984375, 'q_mark': 0.0963, 'tax_call': 'WATCHING', 'svd_deviation': 0.0020656236314358194, 'gravity_well': 0.9971088613156871, 'mesh_fold': 58.51767011583536, 'splash_impact': 0}"
2026-03-16 03:46:54.796227,A,ZEC-USD,232.95,0.3832,"{'ticker': 'ZEC-USD', 'short_tag': 'ZEC', 'spot': 232.95, 'robust_z': np.float64(0.44388905558217295), 'velocity': -0.6933115893130548, 'acceleration': 0.767695810500328, 'q_mark': 0.3832, 'tax_call': 'WATCHING', 'svd_deviation': 0.008319987338747059, 'gravity_well': 0.9884916917088357, 'mesh_fold': 24.384643896368942, 'splash_impact': 0}"
2026-03-16 03:47:25.223106,A,BTC-USD,73531,0.0182,"{'ticker': 'BTC-USD', 'short_tag': 'BTC', 'spot': 73531, 'robust_z': np.float64(-0.12213657883241238), 'velocity': -46.0703125, 'acceleration': 92.79296875, 'q_mark': 0.0182, 'tax_call': 'WATCHING', 'svd_deviation': 0.00221866361923811, 'gravity_well': 0.9968984761500769, 'mesh_fold': 41.68882442136375, 'splash_impact': 0}"
2026-03-16 03:47:25.541051,A,ETH-USD,2253.42,0.0293,"{'ticker': 'ETH-USD', 'short_tag': 'ETH', 'spot': 2253.42, 'robust_z': np.float64(0.19824103800674828), 'velocity': -9.7783203125, 'acceleration': -3.4678955078125, 'q_mark': 0.0293, 'tax_call': 'WATCHING', 'svd_deviation': 0.0034238439857207192, 'gravity_well': 0.9952594766590669, 'mesh_fold': 36.349686574935156, 'splash_impact': 0}"
2026-03-16 03:47:25.785251,A,SOL-USD,93.61,0.0294,"{'ticker': 'SOL-USD', 'short_tag': 'SOL', 'spot': 93.61, 'robust_z': np.float64(0.19885383318304142), 'velocity': -0.0155792236328125, 'acceleration': 0.0750732421875, 'q_mark': 0.0294, 'tax_call': 'WATCHING', 'svd_deviation': 0.0033583843777475397, 'gravity_well': 0.995342761911372, 'mesh_fold': 33.69703833312948, 'splash_impact': 0}"
2026-03-16 03:47:26.052643,A,XRP-USD,1.48,0.0463,"{'ticker': 'XRP-USD', 'short_tag': 'XRP', 'spot': 1.48, 'robust_z': np.float64(0.3158157580020549), 'velocity': -0.0010510683059692383, 'acceleration': 0.0003784298896789551, 'q_mark': 0.0463, 'tax_call': 'WATCHING', 'svd_deviation': 0.002852623070624761, 'gravity_well': 0.9960154259339619, 'mesh_fold': 41.899584622596024, 'splash_impact': 0}"
2026-03-16 03:47:26.534310,A,DOGE-USD,0.102242,0.084,"{'ticker': 'DOGE-USD', 'short_tag': 'DOGE', 'spot': 0.102242, 'robust_z': np.float64(0.5848384991108111), 'velocity': 8.236616849899292e-05, 'acceleration': 0.00010402873158454895, 'q_mark': 0.084, 'tax_call': 'WATCHING', 'svd_deviation': 0.0031335436892694817, 'gravity_well': 0.9956416920327394, 'mesh_fold': 47.28994592754921, 'splash_impact': 0}"
2026-03-16 03:47:26.737052,A,BNB-USD,678.4,0.0306,"{'ticker': 'BNB-USD', 'short_tag': 'BNB', 'spot': 678.4, 'robust_z': np.float64(-0.20685976482288526), 'velocity': -1.153076171875, 'acceleration': 0.1485595703125, 'q_mark': 0.0306, 'tax_call': 'WATCHING', 'svd_deviation': 0.0021885090476999494, 'gravity_well': 0.9969498386316599, 'mesh_fold': 32.97736745326242, 'splash_impact': 0}"
2026-03-16 03:47:26.972266,A,ADA-USD,0.290062,0.0982,"{'ticker': 'ADA-USD', 'short_tag': 'ADA', 'spot': 0.290062, 'robust_z': np.float64(0.689444141668191), 'velocity': -2.7447938919067383e-05, 'acceleration': 9.37730073928833e-05, 'q_mark': 0.0982, 'tax_call': 'WATCHING', 'svd_deviation': 0.003555945088369163, 'gravity_well': 0.9950728747711678, 'mesh_fold': 49.168345801966346, 'splash_impact': 0}"
2026-03-16 03:47:27.297555,A,LINK-USD,9.7,0.0012,"{'ticker': 'LINK-USD', 'short_tag': 'LINK', 'spot': 9.7, 'robust_z': np.float64(-0.008170588616197289), 'velocity': -0.0007915496826171875, 'acceleration': 0.012367725372314453, 'q_mark': 0.0012, 'tax_call': 'WATCHING', 'svd_deviation': 0.003452595586793046, 'gravity_well': 0.9951902323561704, 'mesh_fold': 39.17585689788052, 'splash_impact': 0}"
2026-03-16 03:47:27.677970,A,LTC-USD,57.51,0.0963,"{'ticker': 'LTC-USD', 'short_tag': 'LTC', 'spot': 57.51, 'robust_z': np.float64(0.6747398407292429), 'velocity': 0.09265899658203125, 'acceleration': 0.045955657958984375, 'q_mark': 0.0963, 'tax_call': 'WATCHING', 'svd_deviation': 0.0020656236314358194, 'gravity_well': 0.9971088613156871, 'mesh_fold': 58.51767011583536, 'splash_impact': 0}"
2026-03-16 03:47:27.807875,A,ZEC-USD,232.95,0.3845,"{'ticker': 'ZEC-USD', 'short_tag': 'ZEC', 'spot': 232.95, 'robust_z': np.float64(0.4457022104774173), 'velocity': -0.6689867327479533, 'acceleration': 0.7798582387828787, 'q_mark': 0.3845, 'tax_call': 'WATCHING', 'svd_deviation': 0.008319079968765767, 'gravity_well': 0.9884926971612058, 'mesh_fold': 24.34161241345515, 'splash_impact': 0}"
2026-03-16 03:47:58.097810,A,BTC-USD,73531,0.0182,"{'ticker': 'BTC-USD', 'short_tag': 'BTC', 'spot': 73531, 'robust_z': np.float64(-0.12213657883241238), 'velocity': -46.0703125, 'acceleration': 92.79296875, 'q_mark': 0.0182, 'tax_call': 'WATCHING', 'svd_deviation': 0.00221866361923811, 'gravity_well': 0.9968984761500769, 'mesh_fold': 41.68882442136375, 'splash_impact': 0}"
2026-03-16 03:47:58.360728,A,ETH-USD,2253.42,0.0159,"{'ticker': 'ETH-USD', 'short_tag': 'ETH', 'spot': 2253.42, 'robust_z': np.float64(0.10696377403241512), 'velocity': -0.87646484375, 'acceleration': 4.450927734375, 'q_mark': 0.0159, 'tax_call': 'WATCHING', 'svd_deviation': 0.0033950802076606304, 'gravity_well': 0.9952942843449049, 'mesh_fold': 36.47065928773331, 'splash_impact': 0}"
2026-03-16 03:47:58.588314,A,SOL-USD,93.61,0.0215,"{'ticker': 'SOL-USD', 'short_tag': 'SOL', 'spot': 93.61, 'robust_z': np.float64(0.14473958673062945), 'velocity': -0.01546478271484375, 'acceleration': 5.7220458984375e-05, 'q_mark': 0.0215, 'tax_call': 'WATCHING', 'svd_deviation': 0.003355078711231929, 'gravity_well': 0.9953480071388388, 'mesh_fold': 33.68935933822256, 'splash_impact': 0}"
2026-03-16 03:47:58.823550,A,XRP-USD,1.48,0.0415,"{'ticker': 'XRP-USD', 'short_tag': 'XRP', 'spot': 1.48, 'robust_z': np.float64(0.2824863626503718), 'velocity': -2.3603439331054688e-05, 'acceleration': 0.0005137324333190918, 'q_mark': 0.0415, 'tax_call': 'WATCHING', 'svd_deviation': 0.0028499763329492694, 'gravity_well': 0.9960190704669639, 'mesh_fold': 41.937706651258516, 'splash_impact': 0}"
2026-03-16 03:47:59.159473,A,DOGE-USD,0.102242,0.0776,"{'ticker': 'DOGE-USD', 'short_tag': 'DOGE', 'spot': 0.102242, 'robust_z': np.float64(0.5384937931263518), 'velocity': 1.2218952178955078e-06, 'acceleration': -4.0572136640548706e-05, 'q_mark': 0.0776, 'tax_call': 'WATCHING', 'svd_deviation': 0.0031304100036974544, 'gravity_well': 0.9956467278232012, 'mesh_fold': 47.244394979257564, 'splash_impact': 0}"
2026-03-16 03:47:59.380335,A,BNB-USD,678.4,0.0324,"{'ticker': 'BNB-USD', 'short_tag': 'BNB', 'spot': 678.4, 'robust_z': np.float64(-0.21963692280793148), 'velocity': -0.06146240234375, 'acceleration': 0.545806884765625, 'q_mark': 0.0324, 'tax_call': 'WATCHING', 'svd_deviation': 0.002182230573711277, 'gravity_well': 0.996957273373626, 'mesh_fold': 33.04259223360547, 'splash_impact': 0}"
2026-03-16 03:47:59.642779,A,ADA-USD,0.290062,0.0977,"{'ticker': 'ADA-USD', 'short_tag': 'ADA', 'spot': 0.290062, 'robust_z': np.float64(0.6855845860545381), 'velocity': -0.0001392066478729248, 'acceleration': 3.789365291595459e-05, 'q_mark': 0.0977, 'tax_call': 'WATCHING', 'svd_deviation': 0.0035574754444595495, 'gravity_well': 0.9950715468724276, 'mesh_fold': 49.08853083754289, 'splash_impact': 0}"
2026-03-16 03:47:59.883899,A,LINK-USD,9.7,0.0021,"{'ticker': 'LINK-USD', 'short_tag': 'LINK', 'spot': 9.7, 'robust_z': np.float64(-0.014019832796095597), 'velocity': -0.0024328231811523438, 'acceleration': 0.011547088623046875, 'q_mark': 0.0021, 'tax_call': 'WATCHING', 'svd_deviation': 0.003453006831807971, 'gravity_well': 0.9951899128540906, 'mesh_fold': 39.15230212540628, 'splash_impact': 0}"
2026-03-16 03:48:00.305846,A,LTC-USD,57.51,0.0908,"{'ticker': 'LTC-USD', 'short_tag': 'LTC', 'spot': 57.51, 'robust_z': np.float64(0.6347272865615031), 'velocity': -0.00188446044921875, 'acceleration': -0.047271728515625, 'q_mark': 0.0908, 'tax_call': 'WATCHING', 'svd_deviation': 0.0020602293755742854, 'gravity_well': 0.997116196837172, 'mesh_fold': 58.32746094235282, 'splash_impact': 0}"
2026-03-16 03:48:00.460779,A,ZEC-USD,232.95,0.3898,"{'ticker': 'ZEC-USD', 'short_tag': 'ZEC', 'spot': 232.95, 'robust_z': np.float64(0.4538097168378865), 'velocity': -0.5602183479638825, 'acceleration': 0.8342424311749141, 'q_mark': 0.3898, 'tax_call': 'WATCHING', 'svd_deviation': 0.008315350876678946, 'gravity_well': 0.9884967514887135, 'mesh_fold': 24.151267489530028, 'splash_impact': 0}"
2026-03-16 03:48:30.793252,A,BTC-USD,73531,0.0161,"{'ticker': 'BTC-USD', 'short_tag': 'BTC', 'spot': 73531, 'robust_z': np.float64(-0.10803561959817386), 'velocity': -29.9453125, 'acceleration': 100.85546875, 'q_mark': 0.0161, 'tax_call': 'WATCHING', 'svd_deviation': 0.0022176843804758233, 'gravity_well': 0.9968993641485753, 'mesh_fold': 41.73398533421972, 'splash_impact': 0}"
2026-03-16 03:48:31.028027,A,ETH-USD,2253.42,0.0153,"{'ticker': 'ETH-USD', 'short_tag': 'ETH', 'spot': 2253.42, 'robust_z': np.float64(0.10275942553199932), 'velocity': -1.175537109375, 'acceleration': 4.3013916015625, 'q_mark': 0.0153, 'tax_call': 'WATCHING', 'svd_deviation': 0.003395712643566106, 'gravity_well': 0.9952937866494808, 'mesh_fold': 36.455411632384845, 'splash_impact': 0}"
2026-03-16 03:48:31.410937,A,SOL-USD,93.61,0.022,"{'ticker': 'SOL-USD', 'short_tag': 'SOL', 'spot': 93.61, 'robust_z': np.float64(0.14849619304293568), 'velocity': -0.008575439453125, 'acceleration': 0.00350189208984375, 'q_mark': 0.022, 'tax_call': 'WATCHING', 'svd_deviation': 0.003354875320128452, 'gravity_well': 0.9953482269829467, 'mesh_fold': 33.69649131796021, 'splash_impact': 0}"
2026-03-16 03:48:32.008310,A,XRP-USD,1.48,0.0433,"{'ticker': 'XRP-USD', 'short_tag': 'XRP', 'spot': 1.48, 'robust_z': np.float64(0.2951721872351039), 'velocity': 0.0004398822784423828, 'acceleration': 0.0007454752922058105, 'q_mark': 0.0433, 'tax_call': 'WATCHING', 'svd_deviation': 0.00284936950114483, 'gravity_well': 0.9960197198221278, 'mesh_fold': 41.986880657273474, 'splash_impact': 0}"
2026-03-16 03:48:32.411818,A,DOGE-USD,0.102242,0.0809,"{'ticker': 'DOGE-USD', 'short_tag': 'DOGE', 'spot': 0.102242, 'robust_z': np.float64(0.5625361186046137), 'velocity': 8.996576070785522e-05, 'acceleration': 3.7997961044311523e-06, 'q_mark': 0.0809, 'tax_call': 'WATCHING', 'svd_deviation': 0.003129397580874339, 'gravity_well': 0.9956480366203984, 'mesh_fold': 47.41281430720427, 'splash_impact': 0}"
2026-03-16 03:48:32.790989,A,BNB-USD,678.4,0.0333,"{'ticker': 'BNB-USD', 'short_tag': 'BNB', 'spot': 678.4, 'robust_z': np.float64(-0.2256912965887222), 'velocity': -0.11492919921875, 'acceleration': 0.519073486328125, 'q_mark': 0.0333, 'tax_call': 'WATCHING', 'svd_deviation': 0.0021822803964869613, 'gravity_well': 0.9969573557936038, 'mesh_fold': 33.03209711437017, 'splash_impact': 0}"
2026-03-16 03:48:33.010620,A,ADA-USD,0.290062,0.0977,"{'ticker': 'ADA-USD', 'short_tag': 'ADA', 'spot': 0.290062, 'robust_z': np.float64(0.6851463912541864), 'velocity': -0.00015181303024291992, 'acceleration': 3.159046173095703e-05, 'q_mark': 0.0977, 'tax_call': 'WATCHING', 'svd_deviation': 0.0035577015273745224, 'gravity_well': 0.9950713243002274, 'mesh_fold': 49.07955470107666, 'splash_impact': 0}"
2026-03-16 03:48:33.415066,A,LINK-USD,9.7,0.0023,"{'ticker': 'LINK-USD', 'short_tag': 'LINK', 'spot': 9.7, 'robust_z': np.float64(-0.015590054069258303), 'velocity': -0.0028734207153320312, 'acceleration': 0.011326789855957031, 'q_mark': 0.0023, 'tax_call': 'WATCHING', 'svd_deviation': 0.0034531440301046002, 'gravity_well': 0.9951897906110475, 'mesh_fold': 39.14598874031915, 'splash_impact': 0}"
2026-03-16 03:48:33.658422,A,LTC-USD,57.51,0.0909,"{'ticker': 'LTC-USD', 'short_tag': 'LTC', 'spot': 57.51, 'robust_z': np.float64(0.63567502259024), 'velocity': -0.000881195068359375, 'acceleration': -0.04677009582519531, 'q_mark': 0.0909, 'tax_call': 'WATCHING', 'svd_deviation': 0.002060146227864829, 'gravity_well': 0.9971163224527477, 'mesh_fold': 58.33338751276113, 'splash_impact': 0}"
2026-03-16 03:48:33.795543,A,ZEC-USD,232.95,0.3917,"{'ticker': 'ZEC-USD', 'short_tag': 'ZEC', 'spot': 232.95, 'robust_z': np.float64(0.4565549632852545), 'velocity': -0.523388771934151, 'acceleration': 0.8526572191897799, 'q_mark': 0.3917, 'tax_call': 'WATCHING', 'svd_deviation': 0.008314209839190472, 'gravity_well': 0.9884979605879732, 'mesh_fold': 24.08757332576525, 'splash_impact': 0}"
2026-03-16 03:49:04.154499,A,BTC-USD,73531,0.0161,"{'ticker': 'BTC-USD', 'short_tag': 'BTC', 'spot': 73531, 'robust_z': np.float64(-0.10803561959817386), 'velocity': -29.9453125, 'acceleration': 100.85546875, 'q_mark': 0.0161, 'tax_call': 'WATCHING', 'svd_deviation': 0.0022176843804758233, 'gravity_well': 0.9968993641485753, 'mesh_fold': 41.73398533421972, 'splash_impact': 0}"
2026-03-16 03:49:04.394807,A,ETH-USD,2253.42,0.0153,"{'ticker': 'ETH-USD', 'short_tag': 'ETH', 'spot': 2253.42, 'robust_z': np.float64(0.10275942553199932), 'velocity': -1.175537109375, 'acceleration': 4.3013916015625, 'q_mark': 0.0153, 'tax_call': 'WATCHING', 'svd_deviation': 0.003395712643566106, 'gravity_well': 0.9952937866494808, 'mesh_fold': 36.455411632384845, 'splash_impact': 0}"
2026-03-16 03:49:04.902536,A,SOL-USD,93.61,0.0217,"{'ticker': 'SOL-USD', 'short_tag': 'SOL', 'spot': 93.61, 'robust_z': np.float64(0.14608650306750445), 'velocity': 0.026885986328125, 'acceleration': 0.041255950927734375, 'q_mark': 0.0217, 'tax_call': 'WATCHING', 'svd_deviation': 0.0033588164305590118, 'gravity_well': 0.9953422438942339, 'mesh_fold': 33.70689284169744, 'splash_impact': 0}"
2026-03-16 03:49:05.304166,A,XRP-USD,1.48,0.0433,"{'ticker': 'XRP-USD', 'short_tag': 'XRP', 'spot': 1.48, 'robust_z': np.float64(0.2951721872351039), 'velocity': 0.0004398822784423828, 'acceleration': 0.0007454752922058105, 'q_mark': 0.0433, 'tax_call': 'WATCHING', 'svd_deviation': 0.00284936950114483, 'gravity_well': 0.9960197198221278, 'mesh_fold': 41.986880657273474, 'splash_impact': 0}"
2026-03-16 03:49:05.536569,A,DOGE-USD,0.102242,0.0809,"{'ticker': 'DOGE-USD', 'short_tag': 'DOGE', 'spot': 0.102242, 'robust_z': np.float64(0.5625361186046137), 'velocity': 8.996576070785522e-05, 'acceleration': 3.7997961044311523e-06, 'q_mark': 0.0809, 'tax_call': 'WATCHING', 'svd_deviation': 0.003129397580874339, 'gravity_well': 0.9956480366203984, 'mesh_fold': 47.41281430720427, 'splash_impact': 0}"
2026-03-16 03:49:05.768963,A,BNB-USD,678.4,0.0333,"{'ticker': 'BNB-USD', 'short_tag': 'BNB', 'spot': 678.4, 'robust_z': np.float64(-0.2256912965887222), 'velocity': -0.11492919921875, 'acceleration': 0.519073486328125, 'q_mark': 0.0333, 'tax_call': 'WATCHING', 'svd_deviation': 0.0021822803964869613, 'gravity_well': 0.9969573557936038, 'mesh_fold': 33.03209711437017, 'splash_impact': 0}"
2026-03-16 03:49:06.247307,A,ADA-USD,0.290062,0.0976,"{'ticker': 'ADA-USD', 'short_tag': 'ADA', 'spot': 0.290062, 'robust_z': np.float64(0.6847761165761553), 'velocity': -0.00016245245933532715, 'acceleration': 3.254413604736328e-05, 'q_mark': 0.0976, 'tax_call': 'WATCHING', 'svd_deviation': 0.0035593961533352783, 'gravity_well': 0.9950690167586856, 'mesh_fold': 49.06707386210139, 'splash_impact': 0}"
2026-03-16 03:49:06.528602,A,LINK-USD,9.7,0.0023,"{'ticker': 'LINK-USD', 'short_tag': 'LINK', 'spot': 9.7, 'robust_z': np.float64(-0.015590054069258303), 'velocity': -0.0028734207153320312, 'acceleration': 0.011326789855957031, 'q_mark': 0.0023, 'tax_call': 'WATCHING', 'svd_deviation': 0.0034531440301046002, 'gravity_well': 0.9951897906110475, 'mesh_fold': 39.14598874031915, 'splash_impact': 0}"
2026-03-16 03:49:06.760470,A,LTC-USD,57.51,0.0909,"{'ticker': 'LTC-USD', 'short_tag': 'LTC', 'spot': 57.51, 'robust_z': np.float64(0.63567502259024), 'velocity': -0.000881195068359375, 'acceleration': -0.04677009582519531, 'q_mark': 0.0909, 'tax_call': 'WATCHING', 'svd_deviation': 0.002060146227864829, 'gravity_well': 0.9971163224527477, 'mesh_fold': 58.33338751276113, 'splash_impact': 0}"
2026-03-16 03:49:06.891848,A,ZEC-USD,232.95,0.3917,"{'ticker': 'ZEC-USD', 'short_tag': 'ZEC', 'spot': 232.95, 'robust_z': np.float64(0.4566068256760214), 'velocity': -0.5226929983850539, 'acceleration': 0.8530051059643284, 'q_mark': 0.3917, 'tax_call': 'WATCHING', 'svd_deviation': 0.008314188875694758, 'gravity_well': 0.9884979826321425, 'mesh_fold': 24.086373685836197, 'splash_impact': 0}"
2026-03-16 03:49:37.149239,A,BTC-USD,73531,0.0161,"{'ticker': 'BTC-USD', 'short_tag': 'BTC', 'spot': 73531, 'robust_z': np.float64(-0.10803561959817386), 'velocity': -29.9453125, 'acceleration': 100.85546875, 'q_mark': 0.0161, 'tax_call': 'WATCHING', 'svd_deviation': 0.0022176843804758233, 'gravity_well': 0.9968993641485753, 'mesh_fold': 41.73398533421972, 'splash_impact': 0}"
2026-03-16 03:49:37.369399,A,ETH-USD,2253.42,0.0162,"{'ticker': 'ETH-USD', 'short_tag': 'ETH', 'spot': 2253.42, 'robust_z': np.float64(0.1088171194938229), 'velocity': -0.74462890625, 'acceleration': 4.516845703125, 'q_mark': 0.0162, 'tax_call': 'WATCHING', 'svd_deviation': 0.003394833363223495, 'gravity_well': 0.9952944603168525, 'mesh_fold': 36.477389702360824, 'splash_impact': 0}"
2026-03-16 03:49:37.584595,A,SOL-USD,93.61,0.0217,"{'ticker': 'SOL-USD', 'short_tag': 'SOL', 'spot': 93.61, 'robust_z': np.float64(0.14599594897461224), 'velocity': -0.01316070556640625, 'acceleration': 0.001209259033203125, 'q_mark': 0.0217, 'tax_call': 'WATCHING', 'svd_deviation': 0.0033550072528782037, 'gravity_well': 0.995348085360152, 'mesh_fold': 33.69174375814865, 'splash_impact': 0}"
2026-03-16 03:49:37.863585,A,XRP-USD,1.48,0.0435,"{'ticker': 'XRP-USD', 'short_tag': 'XRP', 'spot': 1.48, 'robust_z': np.float64(0.2965099413708396), 'velocity': 0.0004887580871582031, 'acceleration': 0.0007699131965637207, 'q_mark': 0.0435, 'tax_call': 'WATCHING', 'svd_deviation': 0.0028493433406763732, 'gravity_well': 0.9960197366150093, 'mesh_fold': 41.99207893805664, 'splash_impact': 0}"
2026-03-16 03:49:38.360688,A,DOGE-USD,0.102242,0.0812,"{'ticker': 'DOGE-USD', 'short_tag': 'DOGE', 'spot': 0.102242, 'robust_z': np.float64(0.5649078533403167), 'velocity': 9.872019290924072e-05, 'acceleration': 8.177012205123901e-06, 'q_mark': 0.0812, 'tax_call': 'WATCHING', 'svd_deviation': 0.003129553745315243, 'gravity_well': 0.9956478158033192, 'mesh_fold': 47.4295390276154, 'splash_impact': 0}"
2026-03-16 03:49:38.730665,A,BNB-USD,678.4,0.033,"{'ticker': 'BNB-USD', 'short_tag': 'BNB', 'spot': 678.4, 'robust_z': np.float64(-0.2235556784400186), 'velocity': -0.0960693359375, 'acceleration': 0.52850341796875, 'q_mark': 0.033, 'tax_call': 'WATCHING', 'svd_deviation': 0.0021822568758906907, 'gravity_well': 0.9969573348330459, 'mesh_fold': 33.03579728188278, 'splash_impact': 0}"
2026-03-16 03:49:39.120566,A,ADA-USD,0.290062,0.0976,"{'ticker': 'ADA-USD', 'short_tag': 'ADA', 'spot': 0.290062, 'robust_z': np.float64(0.6847761165761553), 'velocity': -0.00016245245933532715, 'acceleration': 2.6270747184753418e-05, 'q_mark': 0.0976, 'tax_call': 'WATCHING', 'svd_deviation': 0.0035579007631602604, 'gravity_well': 0.9950711249859174, 'mesh_fold': 49.07198334612734, 'splash_impact': 0}"
2026-03-16 03:49:39.404735,A,LINK-USD,9.7,0.002,"{'ticker': 'LINK-USD', 'short_tag': 'LINK', 'spot': 9.7, 'robust_z': np.float64(-0.013234722159514243), 'velocity': -0.0022125244140625, 'acceleration': 0.011657238006591797, 'q_mark': 0.002, 'tax_call': 'WATCHING', 'svd_deviation': 0.003452942486098382, 'gravity_well': 0.995189968187126, 'mesh_fold': 39.15546038218109, 'splash_impact': 0}"
2026-03-16 03:49:39.694401,A,LTC-USD,57.51,0.0905,"{'ticker': 'LTC-USD', 'short_tag': 'LTC', 'spot': 57.51, 'robust_z': np.float64(0.6322876770882909), 'velocity': -0.004467010498046875, 'acceleration': -0.04856300354003906, 'q_mark': 0.0905, 'tax_call': 'WATCHING', 'svd_deviation': 0.0020604561741631193, 'gravity_well': 0.9971158560371803, 'mesh_fold': 58.312213186511, 'splash_impact': 0}"
2026-03-16 03:49:39.828712,A,ZEC-USD,232.95,0.3915,"{'ticker': 'ZEC-USD', 'short_tag': 'ZEC', 'spot': 232.95, 'robust_z': np.float64(0.45626946924617084), 'velocity': -0.5272188923331953, 'acceleration': 0.8507421589902577, 'q_mark': 0.3915, 'tax_call': 'WATCHING', 'svd_deviation': 0.008314325633354717, 'gravity_well': 0.9884978387086403, 'mesh_fold': 24.094179567556083, 'splash_impact': 0}"
2026-03-16 03:50:10.173491,A,BTC-USD,73531,0.0161,"{'ticker': 'BTC-USD', 'short_tag': 'BTC', 'spot': 73531, 'robust_z': np.float64(-0.10803561959817386), 'velocity': -29.9453125, 'acceleration': 100.85546875, 'q_mark': 0.0161, 'tax_call': 'WATCHING', 'svd_deviation': 0.0022176843804758233, 'gravity_well': 0.9968993641485753, 'mesh_fold': 41.73398533421972, 'splash_impact': 0}"
2026-03-16 03:50:10.583400,A,ETH-USD,2253.42,0.0162,"{'ticker': 'ETH-USD', 'short_tag': 'ETH', 'spot': 2253.42, 'robust_z': np.float64(0.1088171194938229), 'velocity': -0.74462890625, 'acceleration': 4.516845703125, 'q_mark': 0.0162, 'tax_call': 'WATCHING', 'svd_deviation': 0.003394833363223495, 'gravity_well': 0.9952944603168525, 'mesh_fold': 36.477389702360824, 'splash_impact': 0}"
2026-03-16 03:50:10.815720,A,SOL-USD,93.61,0.0217,"{'ticker': 'SOL-USD', 'short_tag': 'SOL', 'spot': 93.61, 'robust_z': np.float64(0.14599594897461224), 'velocity': -0.01316070556640625, 'acceleration': 0.001209259033203125, 'q_mark': 0.0217, 'tax_call': 'WATCHING', 'svd_deviation': 0.0033550072528782037, 'gravity_well': 0.995348085360152, 'mesh_fold': 33.69174375814865, 'splash_impact': 0}"
2026-03-16 03:50:11.209333,A,XRP-USD,1.48,0.0435,"{'ticker': 'XRP-USD', 'short_tag': 'XRP', 'spot': 1.48, 'robust_z': np.float64(0.2965099413708396), 'velocity': 0.0004887580871582031, 'acceleration': 0.0007699131965637207, 'q_mark': 0.0435, 'tax_call': 'WATCHING', 'svd_deviation': 0.0028493433406763732, 'gravity_well': 0.9960197366150093, 'mesh_fold': 41.99207893805664, 'splash_impact': 0}"
2026-03-16 03:50:11.464384,A,DOGE-USD,0.102242,0.0812,"{'ticker': 'DOGE-USD', 'short_tag': 'DOGE', 'spot': 0.102242, 'robust_z': np.float64(0.5649078533403167), 'velocity': 9.872019290924072e-05, 'acceleration': 8.177012205123901e-06, 'q_mark': 0.0812, 'tax_call': 'WATCHING', 'svd_deviation': 0.003129553745315243, 'gravity_well': 0.9956478158033192, 'mesh_fold': 47.4295390276154, 'splash_impact': 0}"
2026-03-16 03:50:11.747090,A,BNB-USD,678.4,0.033,"{'ticker': 'BNB-USD', 'short_tag': 'BNB', 'spot': 678.4, 'robust_z': np.float64(-0.2235556784400186), 'velocity': -0.0960693359375, 'acceleration': 0.52850341796875, 'q_mark': 0.033, 'tax_call': 'WATCHING', 'svd_deviation': 0.0021822568758906907, 'gravity_well': 0.9969573348330459, 'mesh_fold': 33.03579728188278, 'splash_impact': 0}"
2026-03-16 03:50:12.019216,A,ADA-USD,0.290062,0.0976,"{'ticker': 'ADA-USD', 'short_tag': 'ADA', 'spot': 0.290062, 'robust_z': np.float64(0.6847761165761553), 'velocity': -0.00016245245933532715, 'acceleration': 2.6270747184753418e-05, 'q_mark': 0.0976, 'tax_call': 'WATCHING', 'svd_deviation': 0.0035579007631602604, 'gravity_well': 0.9950711249859174, 'mesh_fold': 49.07198334612734, 'splash_impact': 0}"
2026-03-16 03:50:12.406173,A,LINK-USD,9.7,0.002,"{'ticker': 'LINK-USD', 'short_tag': 'LINK', 'spot': 9.7, 'robust_z': np.float64(-0.013234722159514243), 'velocity': -0.0022125244140625, 'acceleration': 0.011657238006591797, 'q_mark': 0.002, 'tax_call': 'WATCHING', 'svd_deviation': 0.003452942486098382, 'gravity_well': 0.995189968187126, 'mesh_fold': 39.15546038218109, 'splash_impact': 0}"
2026-03-16 03:50:12.623155,A,LTC-USD,57.51,0.0905,"{'ticker': 'LTC-USD', 'short_tag': 'LTC', 'spot': 57.51, 'robust_z': np.float64(0.6322876770882909), 'velocity': -0.004467010498046875, 'acceleration': -0.04856300354003906, 'q_mark': 0.0905, 'tax_call': 'WATCHING', 'svd_deviation': 0.0020604561741631193, 'gravity_well': 0.9971158560371803, 'mesh_fold': 58.312213186511, 'splash_impact': 0}"
2026-03-16 03:50:12.766621,A,ZEC-USD,232.95,0.3887,"{'ticker': 'ZEC-USD', 'short_tag': 'ZEC', 'spot': 232.95, 'robust_z': np.float64(0.45204044422693856), 'velocity': -0.5839544901979252, 'acceleration': 0.8223743600578928, 'q_mark': 0.3887, 'tax_call': 'WATCHING', 'svd_deviation': 0.008316118884082752, 'gravity_well': 0.9884959283287914, 'mesh_fold': 24.19251939892744, 'splash_impact': 0}"
2026-03-16 03:50:43.038050,A,BTC-USD,73531,0.0227,"{'ticker': 'BTC-USD', 'short_tag': 'BTC', 'spot': 73531, 'robust_z': np.float64(-0.1530234183178738), 'velocity': -81.390625, 'acceleration': 75.1328125, 'q_mark': 0.0227, 'tax_call': 'WATCHING', 'svd_deviation': 0.0022221967375895477, 'gravity_well': 0.9968946440343531, 'mesh_fold': 41.590563602752034, 'splash_impact': 0}"
2026-03-16 03:50:43.362799,A,ETH-USD,2253.42,0.0162,"{'ticker': 'ETH-USD', 'short_tag': 'ETH', 'spot': 2253.42, 'robust_z': np.float64(0.10871415585707803), 'velocity': -0.751953125, 'acceleration': 4.51318359375, 'q_mark': 0.0162, 'tax_call': 'WATCHING', 'svd_deviation': 0.0033948465638952837, 'gravity_well': 0.9952944512377999, 'mesh_fold': 36.47701564588706, 'splash_impact': 0}"
2026-03-16 03:50:43.640504,A,SOL-USD,93.61,0.0229,"{'ticker': 'SOL-USD', 'short_tag': 'SOL', 'spot': 93.61, 'robust_z': np.float64(0.15449095461107884), 'velocity': 0.00241851806640625, 'acceleration': 0.008998870849609375, 'q_mark': 0.0229, 'tax_call': 'WATCHING', 'svd_deviation': 0.0033546147024313406, 'gravity_well': 0.9953484903893142, 'mesh_fold': 33.70788745610307, 'splash_impact': 0}"
2026-03-16 03:50:43.854527,A,XRP-USD,1.48,0.0446,"{'ticker': 'XRP-USD', 'short_tag': 'XRP', 'spot': 1.48, 'robust_z': np.float64(0.30428522943293235), 'velocity': 0.0007728338241577148, 'acceleration': 0.0009119510650634766, 'q_mark': 0.0446, 'tax_call': 'WATCHING', 'svd_deviation': 0.002849334203231938, 'gravity_well': 0.9960196389738976, 'mesh_fold': 42.02234061493801, 'splash_impact': 0}"
2026-03-16 03:50:44.141888,A,DOGE-USD,0.102242,0.0813,"{'ticker': 'DOGE-USD', 'short_tag': 'DOGE', 'spot': 0.102242, 'robust_z': np.float64(0.5655073471415966), 'velocity': 0.0001009330153465271, 'acceleration': 9.28342342376709e-06, 'q_mark': 0.0813, 'tax_call': 'WATCHING', 'svd_deviation': 0.0031296004967804403, 'gravity_well': 0.9956477500410009, 'mesh_fold': 47.433769620166366, 'splash_impact': 0}"
2026-03-16 03:50:44.363267,A,BNB-USD,678.4,0.0318,"{'ticker': 'BNB-USD', 'short_tag': 'BNB', 'spot': 678.4, 'robust_z': np.float64(-0.21559376223514315), 'velocity': -0.0257568359375, 'acceleration': 0.56365966796875, 'q_mark': 0.0318, 'tax_call': 'WATCHING', 'svd_deviation': 0.00218222630886802, 'gravity_well': 0.9969571787587579, 'mesh_fold': 33.0496101255711, 'splash_impact': 0}"
2026-03-16 03:50:44.589681,A,ADA-USD,0.290062,0.0976,"{'ticker': 'ADA-USD', 'short_tag': 'ADA', 'spot': 0.290062, 'robust_z': np.float64(0.684352439399746), 'velocity': -0.00017461180686950684, 'acceleration': 2.0191073417663574e-05, 'q_mark': 0.0976, 'tax_call': 'WATCHING', 'svd_deviation': 0.0035581379065145143, 'gravity_well': 0.9950708843461739, 'mesh_fold': 49.063335129858075, 'splash_impact': 0}"
2026-03-16 03:50:45.078048,A,LINK-USD,9.7,0.0013,"{'ticker': 'LINK-USD', 'short_tag': 'LINK', 'spot': 9.7, 'robust_z': np.float64(-0.008809553116964797), 'velocity': -0.0009708404541015625, 'acceleration': 0.012278079986572266, 'q_mark': 0.0013, 'tax_call': 'WATCHING', 'svd_deviation': 0.0034526328512220527, 'gravity_well': 0.9951902078784639, 'mesh_fold': 39.17328098285124, 'splash_impact': 0}"
2026-03-16 03:50:45.338236,A,LTC-USD,57.51,0.0916,"{'ticker': 'LTC-USD', 'short_tag': 'LTC', 'spot': 57.51, 'robust_z': np.float64(0.6406191055994678), 'velocity': 0.004352569580078125, 'acceleration': -0.04415321350097656, 'q_mark': 0.0916, 'tax_call': 'WATCHING', 'svd_deviation': 0.002059757478023652, 'gravity_well': 0.9971169162142719, 'mesh_fold': 58.36433338258096, 'splash_impact': 0}"
2026-03-16 03:50:45.477019,A,ZEC-USD,232.95,0.386,"{'ticker': 'ZEC-USD', 'short_tag': 'ZEC', 'spot': 232.95, 'robust_z': np.float64(0.4480574938206635), 'velocity': -0.6373888093466462, 'acceleration': 0.7956572004835323, 'q_mark': 0.386, 'tax_call': 'WATCHING', 'svd_deviation': 0.008317941347192733, 'gravity_well': 0.9884939493697571, 'mesh_fold': 24.285968672731396, 'splash_impact': 0}"
2026-03-16 03:51:15.856577,A,BTC-USD,73531,0.0227,"{'ticker': 'BTC-USD', 'short_tag': 'BTC', 'spot': 73531, 'robust_z': np.float64(-0.1530234183178738), 'velocity': -81.390625, 'acceleration': 75.1328125, 'q_mark': 0.0227, 'tax_call': 'WATCHING', 'svd_deviation': 0.0022221967375895477, 'gravity_well': 0.9968946440343531, 'mesh_fold': 41.590563602752034, 'splash_impact': 0}"
2026-03-16 03:51:16.123563,A,ETH-USD,2253.42,0.0162,"{'ticker': 'ETH-USD', 'short_tag': 'ETH', 'spot': 2253.42, 'robust_z': np.float64(0.10871415585707803), 'velocity': -0.751953125, 'acceleration': 4.51318359375, 'q_mark': 0.0162, 'tax_call': 'WATCHING', 'svd_deviation': 0.0033948465638952837, 'gravity_well': 0.9952944512377999, 'mesh_fold': 36.47701564588706, 'splash_impact': 0}"
2026-03-16 03:51:16.482192,A,SOL-USD,93.61,0.0229,"{'ticker': 'SOL-USD', 'short_tag': 'SOL', 'spot': 93.61, 'robust_z': np.float64(0.15449095461107884), 'velocity': 0.00241851806640625, 'acceleration': 0.008998870849609375, 'q_mark': 0.0229, 'tax_call': 'WATCHING', 'svd_deviation': 0.0033546147024313406, 'gravity_well': 0.9953484903893142, 'mesh_fold': 33.70788745610307, 'splash_impact': 0}"
2026-03-16 03:51:16.822313,A,XRP-USD,1.48,0.0446,"{'ticker': 'XRP-USD', 'short_tag': 'XRP', 'spot': 1.48, 'robust_z': np.float64(0.30428522943293235), 'velocity': 0.0007728338241577148, 'acceleration': 0.0009119510650634766, 'q_mark': 0.0446, 'tax_call': 'WATCHING', 'svd_deviation': 0.002849334203231938, 'gravity_well': 0.9960196389738976, 'mesh_fold': 42.02234061493801, 'splash_impact': 0}"
2026-03-16 03:51:17.100848,A,DOGE-USD,0.102242,0.0813,"{'ticker': 'DOGE-USD', 'short_tag': 'DOGE', 'spot': 0.102242, 'robust_z': np.float64(0.5655073471415966), 'velocity': 0.0001009330153465271, 'acceleration': 9.28342342376709e-06, 'q_mark': 0.0813, 'tax_call': 'WATCHING', 'svd_deviation': 0.0031296004967804403, 'gravity_well': 0.9956477500410009, 'mesh_fold': 47.433769620166366, 'splash_impact': 0}"
2026-03-16 03:51:17.341939,A,BNB-USD,678.4,0.0318,"{'ticker': 'BNB-USD', 'short_tag': 'BNB', 'spot': 678.4, 'robust_z': np.float64(-0.21559376223514315), 'velocity': -0.0257568359375, 'acceleration': 0.56365966796875, 'q_mark': 0.0318, 'tax_call': 'WATCHING', 'svd_deviation': 0.00218222630886802, 'gravity_well': 0.9969571787587579, 'mesh_fold': 33.0496101255711, 'splash_impact': 0}"
2026-03-16 03:51:17.597705,A,ADA-USD,0.290062,0.0976,"{'ticker': 'ADA-USD', 'short_tag': 'ADA', 'spot': 0.290062, 'robust_z': np.float64(0.684352439399746), 'velocity': -0.00017461180686950684, 'acceleration': 2.0191073417663574e-05, 'q_mark': 0.0976, 'tax_call': 'WATCHING', 'svd_deviation': 0.0035581379065145143, 'gravity_well': 0.9950708843461739, 'mesh_fold': 49.063335129858075, 'splash_impact': 0}"
2026-03-16 03:51:17.858835,A,LINK-USD,9.7,0.0013,"{'ticker': 'LINK-USD', 'short_tag': 'LINK', 'spot': 9.7, 'robust_z': np.float64(-0.008809553116964797), 'velocity': -0.0009708404541015625, 'acceleration': 0.012278079986572266, 'q_mark': 0.0013, 'tax_call': 'WATCHING', 'svd_deviation': 0.0034526328512220527, 'gravity_well': 0.9951902078784639, 'mesh_fold': 39.17328098285124, 'splash_impact': 0}"
2026-03-16 03:51:18.104184,A,LTC-USD,57.51,0.0916,"{'ticker': 'LTC-USD', 'short_tag': 'LTC', 'spot': 57.51, 'robust_z': np.float64(0.6406191055994678), 'velocity': 0.004352569580078125, 'acceleration': -0.04415321350097656, 'q_mark': 0.0916, 'tax_call': 'WATCHING', 'svd_deviation': 0.002059757478023652, 'gravity_well': 0.9971169162142719, 'mesh_fold': 58.36433338258096, 'splash_impact': 0}"
2026-03-16 03:51:18.246841,A,ZEC-USD,232.95,0.3854,"{'ticker': 'ZEC-USD', 'short_tag': 'ZEC', 'spot': 232.95, 'robust_z': np.float64(0.4471666168690292), 'velocity': -0.6493406034942382, 'acceleration': 0.7896813034097363, 'q_mark': 0.3854, 'tax_call': 'WATCHING', 'svd_deviation': 0.008318366703660875, 'gravity_well': 0.9884934828871119, 'mesh_fold': 24.30698205292889, 'splash_impact': 0}"
2026-03-16 03:51:48.584229,A,BTC-USD,73531,0.0227,"{'ticker': 'BTC-USD', 'short_tag': 'BTC', 'spot': 73531, 'robust_z': np.float64(-0.1530234183178738), 'velocity': -81.390625, 'acceleration': 75.1328125, 'q_mark': 0.0227, 'tax_call': 'WATCHING', 'svd_deviation': 0.0022221967375895477, 'gravity_well': 0.9968946440343531, 'mesh_fold': 41.590563602752034, 'splash_impact': 0}"
2026-03-16 03:51:48.859961,A,ETH-USD,2253.42,0.0125,"{'ticker': 'ETH-USD', 'short_tag': 'ETH', 'spot': 2253.42, 'robust_z': np.float64(0.08417448909954908), 'velocity': -2.49755859375, 'acceleration': 3.640380859375, 'q_mark': 0.0125, 'tax_call': 'WATCHING', 'svd_deviation': 0.0033997118616331807, 'gravity_well': 0.9952899507326363, 'mesh_fold': 36.388349423614514, 'splash_impact': 0}"
2026-03-16 03:51:49.274255,A,SOL-USD,93.61,0.0258,"{'ticker': 'SOL-USD', 'short_tag': 'SOL', 'spot': 93.61, 'robust_z': np.float64(0.17457194981540017), 'velocity': 0.03924560546875, 'acceleration': 0.02741241455078125, 'q_mark': 0.0258, 'tax_call': 'WATCHING', 'svd_deviation': 0.003354314705367961, 'gravity_well': 0.995348589285147, 'mesh_fold': 33.746196189302815, 'splash_impact': 0}"
2026-03-16 03:51:49.681438,A,XRP-USD,1.48,0.048,"{'ticker': 'XRP-USD', 'short_tag': 'XRP', 'spot': 1.48, 'robust_z': np.float64(0.3279895801551748), 'velocity': 0.0016388893127441406, 'acceleration': 0.0013449788093566895, 'q_mark': 0.048, 'tax_call': 'WATCHING', 'svd_deviation': 0.002850810957302757, 'gravity_well': 0.9960172864225139, 'mesh_fold': 42.11510845011344, 'splash_impact': 0}"
2026-03-16 03:51:49.918704,A,DOGE-USD,0.102242,0.0826,"{'ticker': 'DOGE-USD', 'short_tag': 'DOGE', 'spot': 0.102242, 'robust_z': np.float64(0.5747964733149624), 'velocity': 0.00013522058725357056, 'acceleration': 2.642720937728882e-05, 'q_mark': 0.0826, 'tax_call': 'WATCHING', 'svd_deviation': 0.003130700106226175, 'gravity_well': 0.995646218394385, 'mesh_fold': 47.49948530807116, 'splash_impact': 0}"
2026-03-16 03:51:50.130135,A,BNB-USD,678.4,0.0285,"{'ticker': 'BNB-USD', 'short_tag': 'BNB', 'spot': 678.4, 'robust_z': np.float64(-0.19293132887074504), 'velocity': 0.17437744140625, 'acceleration': 0.663726806640625, 'q_mark': 0.0285, 'tax_call': 'WATCHING', 'svd_deviation': 0.002182632374308177, 'gravity_well': 0.9969560619059242, 'mesh_fold': 33.08908241053898, 'splash_impact': 0}"
2026-03-16 03:51:50.402392,A,ADA-USD,0.290062,0.0968,"{'ticker': 'ADA-USD', 'short_tag': 'ADA', 'spot': 0.290062, 'robust_z': np.float64(0.6788615942887959), 'velocity': -0.00033080577850341797, 'acceleration': -5.790591239929199e-05, 'q_mark': 0.0968, 'tax_call': 'WATCHING', 'svd_deviation': 0.0035620791337904914, 'gravity_well': 0.9950665764460613, 'mesh_fold': 48.95269412075443, 'splash_impact': 0}"
2026-03-16 03:51:50.633214,A,LINK-USD,9.7,0.0021,"{'ticker': 'LINK-USD', 'short_tag': 'LINK', 'spot': 9.7, 'robust_z': np.float64(-0.014244150120833127), 'velocity': -0.0024957656860351562, 'acceleration': 0.011515617370605469, 'q_mark': 0.0021, 'tax_call': 'WATCHING', 'svd_deviation': 0.00345302573714195, 'gravity_well': 0.9951898963358294, 'mesh_fold': 39.15139995789297, 'splash_impact': 0}"
2026-03-16 03:51:50.933073,A,LTC-USD,57.51,0.0931,"{'ticker': 'LTC-USD', 'short_tag': 'LTC', 'spot': 57.51, 'robust_z': np.float64(0.6517288781340519), 'velocity': 0.01611328125, 'acceleration': -0.038272857666015625, 'q_mark': 0.0931, 'tax_call': 'WATCHING', 'svd_deviation': 0.00205915966388849, 'gravity_well': 0.9971178732285446, 'mesh_fold': 58.4340465044111, 'splash_impact': 0}"
2026-03-16 03:51:51.058232,A,ZEC-USD,232.95,0.386,"{'ticker': 'ZEC-USD', 'short_tag': 'ZEC', 'spot': 232.95, 'robust_z': np.float64(0.44803838204474694), 'velocity': -0.637645208405047, 'acceleration': 0.7955290009543319, 'q_mark': 0.386, 'tax_call': 'WATCHING', 'svd_deviation': 0.008317950404280391, 'gravity_well': 0.9884939394538768, 'mesh_fold': 24.28641903905714, 'splash_impact': 0}"
2026-03-16 03:52:21.337556,A,BTC-USD,73531,0.0227,"{'ticker': 'BTC-USD', 'short_tag': 'BTC', 'spot': 73531, 'robust_z': np.float64(-0.1530234183178738), 'velocity': -81.390625, 'acceleration': 75.1328125, 'q_mark': 0.0227, 'tax_call': 'WATCHING', 'svd_deviation': 0.0022221967375895477, 'gravity_well': 0.9968946440343531, 'mesh_fold': 41.590563602752034, 'splash_impact': 0}"
2026-03-16 03:52:21.606286,A,ETH-USD,2253.42,0.0125,"{'ticker': 'ETH-USD', 'short_tag': 'ETH', 'spot': 2253.42, 'robust_z': np.float64(0.08417448909954908), 'velocity': -2.49755859375, 'acceleration': 3.640380859375, 'q_mark': 0.0125, 'tax_call': 'WATCHING', 'svd_deviation': 0.0033997118616331807, 'gravity_well': 0.9952899507326363, 'mesh_fold': 36.388349423614514, 'splash_impact': 0}"
2026-03-16 03:52:21.872993,A,SOL-USD,93.61,0.0258,"{'ticker': 'SOL-USD', 'short_tag': 'SOL', 'spot': 93.61, 'robust_z': np.float64(0.17457194981540017), 'velocity': 0.03924560546875, 'acceleration': 0.02741241455078125, 'q_mark': 0.0258, 'tax_call': 'WATCHING', 'svd_deviation': 0.003354314705367961, 'gravity_well': 0.995348589285147, 'mesh_fold': 33.746196189302815, 'splash_impact': 0}"
2026-03-16 03:52:22.290421,A,XRP-USD,1.48,0.048,"{'ticker': 'XRP-USD', 'short_tag': 'XRP', 'spot': 1.48, 'robust_z': np.float64(0.3279895801551748), 'velocity': 0.0016388893127441406, 'acceleration': 0.0013449788093566895, 'q_mark': 0.048, 'tax_call': 'WATCHING', 'svd_deviation': 0.002850810957302757, 'gravity_well': 0.9960172864225139, 'mesh_fold': 42.11510845011344, 'splash_impact': 0}"
2026-03-16 03:52:22.607852,A,DOGE-USD,0.102242,0.0826,"{'ticker': 'DOGE-USD', 'short_tag': 'DOGE', 'spot': 0.102242, 'robust_z': np.float64(0.5747964733149624), 'velocity': 0.00013522058725357056, 'acceleration': 2.642720937728882e-05, 'q_mark': 0.0826, 'tax_call': 'WATCHING', 'svd_deviation': 0.003130700106226175, 'gravity_well': 0.995646218394385, 'mesh_fold': 47.49948530807116, 'splash_impact': 0}"
2026-03-16 03:52:23.099089,A,BNB-USD,678.4,0.0285,"{'ticker': 'BNB-USD', 'short_tag': 'BNB', 'spot': 678.4, 'robust_z': np.float64(-0.19293132887074504), 'velocity': 0.17437744140625, 'acceleration': 0.663726806640625, 'q_mark': 0.0285, 'tax_call': 'WATCHING', 'svd_deviation': 0.002182632374308177, 'gravity_well': 0.9969560619059242, 'mesh_fold': 33.08908241053898, 'splash_impact': 0}"
2026-03-16 03:52:23.349543,A,ADA-USD,0.290062,0.0968,"{'ticker': 'ADA-USD', 'short_tag': 'ADA', 'spot': 0.290062, 'robust_z': np.float64(0.6788615942887959), 'velocity': -0.00033080577850341797, 'acceleration': -5.790591239929199e-05, 'q_mark': 0.0968, 'tax_call': 'WATCHING', 'svd_deviation': 0.0035620791337904914, 'gravity_well': 0.9950665764460613, 'mesh_fold': 48.95269412075443, 'splash_impact': 0}"
2026-03-16 03:52:23.781542,A,LINK-USD,9.7,0.0021,"{'ticker': 'LINK-USD', 'short_tag': 'LINK', 'spot': 9.7, 'robust_z': np.float64(-0.014244150120833127), 'velocity': -0.0024957656860351562, 'acceleration': 0.011515617370605469, 'q_mark': 0.0021, 'tax_call': 'WATCHING', 'svd_deviation': 0.00345302573714195, 'gravity_well': 0.9951898963358294, 'mesh_fold': 39.15139995789297, 'splash_impact': 0}"
2026-03-16 03:52:23.997435,A,LTC-USD,57.51,0.0931,"{'ticker': 'LTC-USD', 'short_tag': 'LTC', 'spot': 57.51, 'robust_z': np.float64(0.6517288781340519), 'velocity': 0.01611328125, 'acceleration': -0.038272857666015625, 'q_mark': 0.0931, 'tax_call': 'WATCHING', 'svd_deviation': 0.00205915966388849, 'gravity_well': 0.9971178732285446, 'mesh_fold': 58.4340465044111, 'splash_impact': 0}"
2026-03-16 03:52:24.203490,A,ZEC-USD,232.95,0.3866,"{'ticker': 'ZEC-USD', 'short_tag': 'ZEC', 'spot': 232.95, 'robust_z': np.float64(0.448860687174405), 'velocity': -0.6266133575774404, 'acceleration': 0.8010449263681352, 'q_mark': 0.3866, 'tax_call': 'WATCHING', 'svd_deviation': 0.008317563408461782, 'gravity_well': 0.9884943624692453, 'mesh_fold': 24.267058506132454, 'splash_impact': 0}"
2026-03-16 03:52:54.646770,A,BTC-USD,73531,0.0225,"{'ticker': 'BTC-USD', 'short_tag': 'BTC', 'spot': 73531, 'robust_z': np.float64(-0.15139060375538202), 'velocity': -79.5234375, 'acceleration': 76.06640625, 'q_mark': 0.0225, 'tax_call': 'WATCHING', 'svd_deviation': 0.0022219623389150667, 'gravity_well': 0.9968949112917351, 'mesh_fold': 41.59573549278828, 'splash_impact': 0}"
2026-03-16 03:52:54.863172,A,ETH-USD,2253.42,0.0119,"{'ticker': 'ETH-USD', 'short_tag': 'ETH', 'spot': 2253.42, 'robust_z': np.float64(0.0794793472639827), 'velocity': -2.83154296875, 'acceleration': 3.473388671875, 'q_mark': 0.0119, 'tax_call': 'WATCHING', 'svd_deviation': 0.003401032275423186, 'gravity_well': 0.9952885603348629, 'mesh_fold': 36.37149454635816, 'splash_impact': 0}"
2026-03-16 03:52:55.180061,A,SOL-USD,93.61,0.0244,"{'ticker': 'SOL-USD', 'short_tag': 'SOL', 'spot': 93.61, 'robust_z': np.float64(0.16492874557184997), 'velocity': 0.0215606689453125, 'acceleration': 0.0185699462890625, 'q_mark': 0.0244, 'tax_call': 'WATCHING', 'svd_deviation': 0.0033543486114672176, 'gravity_well': 0.9953486924201091, 'mesh_fold': 33.72777387733343, 'splash_impact': 0}"
2026-03-16 03:52:55.434946,A,XRP-USD,1.48,0.0478,"{'ticker': 'XRP-USD', 'short_tag': 'XRP', 'spot': 1.48, 'robust_z': np.float64(0.32627007666850977), 'velocity': 0.001576066017150879, 'acceleration': 0.0013135671615600586, 'q_mark': 0.0478, 'tax_call': 'WATCHING', 'svd_deviation': 0.0028506276545344996, 'gravity_well': 0.996017561058427, 'mesh_fold': 42.108353217144696, 'splash_impact': 0}"
2026-03-16 03:52:55.678499,A,DOGE-USD,0.102242,0.0809,"{'ticker': 'DOGE-USD', 'short_tag': 'DOGE', 'spot': 0.102242, 'robust_z': np.float64(0.562239399450445), 'velocity': 8.887052536010742e-05, 'acceleration': 3.252178430557251e-06, 'q_mark': 0.0809, 'tax_call': 'WATCHING', 'svd_deviation': 0.0031293812792977083, 'gravity_well': 0.995648059823824, 'mesh_fold': 47.41072333861728, 'splash_impact': 0}"
2026-03-16 03:52:55.897235,A,BNB-USD,678.4,0.029,"{'ticker': 'BNB-USD', 'short_tag': 'BNB', 'spot': 678.4, 'robust_z': np.float64(-0.19591013606197885), 'velocity': 0.1480712890625, 'acceleration': 0.65057373046875, 'q_mark': 0.029, 'tax_call': 'WATCHING', 'svd_deviation': 0.0021825373516332807, 'gravity_well': 0.9969562655104406, 'mesh_fold': 33.08388087209377, 'splash_impact': 0}"
2026-03-16 03:52:56.334278,A,ADA-USD,0.290062,0.0966,"{'ticker': 'ADA-USD', 'short_tag': 'ADA', 'spot': 0.290062, 'robust_z': np.float64(0.6772712262837728), 'velocity': -0.00037556886672973633, 'acceleration': -8.028745651245117e-05, 'q_mark': 0.0966, 'tax_call': 'WATCHING', 'svd_deviation': 0.0035635143376296797, 'gravity_well': 0.9950649267436099, 'mesh_fold': 48.92113950241408, 'splash_impact': 0}"
2026-03-16 03:52:56.565262,A,LINK-USD,9.7,0.0019,"{'ticker': 'LINK-USD', 'short_tag': 'LINK', 'spot': 9.7, 'robust_z': np.float64(-0.01261954889015829), 'velocity': -0.0020399093627929688, 'acceleration': 0.011743545532226562, 'q_mark': 0.0019, 'tax_call': 'WATCHING', 'svd_deviation': 0.0034528940495587935, 'gravity_well': 0.9951900088466124, 'mesh_fold': 39.15793576248857, 'splash_impact': 0}"
2026-03-16 03:52:56.780383,A,LTC-USD,57.51,0.0922,"{'ticker': 'LTC-USD', 'short_tag': 'LTC', 'spot': 57.51, 'robust_z': np.float64(0.6448965301854397), 'velocity': 0.008880615234375, 'acceleration': -0.041889190673828125, 'q_mark': 0.0922, 'tax_call': 'WATCHING', 'svd_deviation': 0.002059482116321317, 'gravity_well': 0.9971173465221385, 'mesh_fold': 58.39114522627425, 'splash_impact': 0}"
2026-03-16 03:52:56.906316,A,ZEC-USD,232.95,0.3867,"{'ticker': 'ZEC-USD', 'short_tag': 'ZEC', 'spot': 232.95, 'robust_z': np.float64(0.4490500518603966), 'velocity': -0.6240728858078626, 'acceleration': 0.8023151622529241, 'q_mark': 0.3867, 'tax_call': 'WATCHING', 'svd_deviation': 0.008317475070898719, 'gravity_well': 0.9884944588315054, 'mesh_fold': 24.262604980677214, 'splash_impact': 0}"
2026-03-16 03:53:27.179035,A,BTC-USD,73531,0.0225,"{'ticker': 'BTC-USD', 'short_tag': 'BTC', 'spot': 73531, 'robust_z': np.float64(-0.15139060375538202), 'velocity': -79.5234375, 'acceleration': 76.06640625, 'q_mark': 0.0225, 'tax_call': 'WATCHING', 'svd_deviation': 0.0022219623389150667, 'gravity_well': 0.9968949112917351, 'mesh_fold': 41.59573549278828, 'splash_impact': 0}"
2026-03-16 03:53:27.394010,A,ETH-USD,2253.42,0.0119,"{'ticker': 'ETH-USD', 'short_tag': 'ETH', 'spot': 2253.42, 'robust_z': np.float64(0.0794793472639827), 'velocity': -2.83154296875, 'acceleration': 3.473388671875, 'q_mark': 0.0119, 'tax_call': 'WATCHING', 'svd_deviation': 0.003401032275423186, 'gravity_well': 0.9952885603348629, 'mesh_fold': 36.37149454635816, 'splash_impact': 0}"
2026-03-16 03:53:27.739240,A,SOL-USD,93.61,0.0244,"{'ticker': 'SOL-USD', 'short_tag': 'SOL', 'spot': 93.61, 'robust_z': np.float64(0.16492874557184997), 'velocity': 0.0215606689453125, 'acceleration': 0.0185699462890625, 'q_mark': 0.0244, 'tax_call': 'WATCHING', 'svd_deviation': 0.0033543486114672176, 'gravity_well': 0.9953486924201091, 'mesh_fold': 33.72777387733343, 'splash_impact': 0}"
2026-03-16 03:53:28.027832,A,XRP-USD,1.48,0.0478,"{'ticker': 'XRP-USD', 'short_tag': 'XRP', 'spot': 1.48, 'robust_z': np.float64(0.32627007666850977), 'velocity': 0.001576066017150879, 'acceleration': 0.0013135671615600586, 'q_mark': 0.0478, 'tax_call': 'WATCHING', 'svd_deviation': 0.0028506276545344996, 'gravity_well': 0.996017561058427, 'mesh_fold': 42.108353217144696, 'splash_impact': 0}"
2026-03-16 03:53:28.305501,A,DOGE-USD,0.102242,0.0809,"{'ticker': 'DOGE-USD', 'short_tag': 'DOGE', 'spot': 0.102242, 'robust_z': np.float64(0.562239399450445), 'velocity': 8.887052536010742e-05, 'acceleration': 3.252178430557251e-06, 'q_mark': 0.0809, 'tax_call': 'WATCHING', 'svd_deviation': 0.0031293812792977083, 'gravity_well': 0.995648059823824, 'mesh_fold': 47.41072333861728, 'splash_impact': 0}"
2026-03-16 03:53:28.538732,A,BNB-USD,678.4,0.029,"{'ticker': 'BNB-USD', 'short_tag': 'BNB', 'spot': 678.4, 'robust_z': np.float64(-0.19591013606197885), 'velocity': 0.1480712890625, 'acceleration': 0.65057373046875, 'q_mark': 0.029, 'tax_call': 'WATCHING', 'svd_deviation': 0.0021825373516332807, 'gravity_well': 0.9969562655104406, 'mesh_fold': 33.08388087209377, 'splash_impact': 0}"
2026-03-16 03:53:28.924530,A,ADA-USD,0.290062,0.0966,"{'ticker': 'ADA-USD', 'short_tag': 'ADA', 'spot': 0.290062, 'robust_z': np.float64(0.6772712262837728), 'velocity': -0.00037556886672973633, 'acceleration': -8.028745651245117e-05, 'q_mark': 0.0966, 'tax_call': 'WATCHING', 'svd_deviation': 0.0035635143376296797, 'gravity_well': 0.9950649267436099, 'mesh_fold': 48.92113950241408, 'splash_impact': 0}"
2026-03-16 03:53:29.138098,A,LINK-USD,9.7,0.0019,"{'ticker': 'LINK-USD', 'short_tag': 'LINK', 'spot': 9.7, 'robust_z': np.float64(-0.01261954889015829), 'velocity': -0.0020399093627929688, 'acceleration': 0.011743545532226562, 'q_mark': 0.0019, 'tax_call': 'WATCHING', 'svd_deviation': 0.0034528940495587935, 'gravity_well': 0.9951900088466124, 'mesh_fold': 39.15793576248857, 'splash_impact': 0}"
2026-03-16 03:53:29.350314,A,LTC-USD,57.51,0.0922,"{'ticker': 'LTC-USD', 'short_tag': 'LTC', 'spot': 57.51, 'robust_z': np.float64(0.6448965301854397), 'velocity': 0.008880615234375, 'acceleration': -0.041889190673828125, 'q_mark': 0.0922, 'tax_call': 'WATCHING', 'svd_deviation': 0.002059482116321317, 'gravity_well': 0.9971173465221385, 'mesh_fold': 58.39114522627425, 'splash_impact': 0}"
2026-03-16 03:53:29.479297,A,ZEC-USD,232.95,0.3896,"{'ticker': 'ZEC-USD', 'short_tag': 'ZEC', 'spot': 232.95, 'robust_z': np.float64(0.45337829396893936), 'velocity': -0.5660062149759995, 'acceleration': 0.8313484976688557, 'q_mark': 0.3896, 'tax_call': 'WATCHING', 'svd_deviation': 0.008315535791952182, 'gravity_well': 0.9884965539402435, 'mesh_fold': 24.16131180084656, 'splash_impact': 0}"
2026-03-16 03:53:59.821408,A,BTC-USD,73531,0.0225,"{'ticker': 'BTC-USD', 'short_tag': 'BTC', 'spot': 73531, 'robust_z': np.float64(-0.15139060375538202), 'velocity': -79.5234375, 'acceleration': 76.06640625, 'q_mark': 0.0225, 'tax_call': 'WATCHING', 'svd_deviation': 0.0022219623389150667, 'gravity_well': 0.9968949112917351, 'mesh_fold': 41.59573549278828, 'splash_impact': 0}"
2026-03-16 03:54:00.114364,A,ETH-USD,2253.42,0.0111,"{'ticker': 'ETH-USD', 'short_tag': 'ETH', 'spot': 2253.42, 'robust_z': np.float64(0.07433802966918854), 'velocity': -3.197265625, 'acceleration': 3.29052734375, 'q_mark': 0.0111, 'tax_call': 'WATCHING', 'svd_deviation': 0.0034026213290292632, 'gravity_well': 0.9952868434093572, 'mesh_fold': 36.353078171901004, 'splash_impact': 0}"
2026-03-16 03:54:00.376199,A,SOL-USD,93.61,0.0248,"{'ticker': 'SOL-USD', 'short_tag': 'SOL', 'spot': 93.61, 'robust_z': np.float64(0.16748307145862298), 'velocity': 0.0262451171875, 'acceleration': 0.02091217041015625, 'q_mark': 0.0248, 'tax_call': 'WATCHING', 'svd_deviation': 0.00335431981259727, 'gravity_well': 0.9953486922006457, 'mesh_fold': 33.73264898751492, 'splash_impact': 0}"
2026-03-16 03:54:00.606295,A,XRP-USD,1.48,0.0473,"{'ticker': 'XRP-USD', 'short_tag': 'XRP', 'spot': 1.48, 'robust_z': np.float64(0.3229387425890315), 'velocity': 0.0014543533325195312, 'acceleration': 0.0012527108192443848, 'q_mark': 0.0473, 'tax_call': 'WATCHING', 'svd_deviation': 0.0028503064161913526, 'gravity_well': 0.9960180468972859, 'mesh_fold': 42.095277299526145, 'splash_impact': 0}"
2026-03-16 03:54:01.097983,A,DOGE-USD,0.102242,0.0808,"{'ticker': 'DOGE-USD', 'short_tag': 'DOGE', 'spot': 0.102242, 'robust_z': np.float64(0.5619709392633399), 'velocity': 8.787959814071655e-05, 'acceleration': 2.7567148208618164e-06, 'q_mark': 0.0808, 'tax_call': 'WATCHING', 'svd_deviation': 0.0031293671503225427, 'gravity_well': 0.9956480799699011, 'mesh_fold': 47.40883177819221, 'splash_impact': 0}"
2026-03-16 03:54:01.318576,A,BNB-USD,678.4,0.0286,"{'ticker': 'BNB-USD', 'short_tag': 'BNB', 'spot': 678.4, 'robust_z': np.float64(-0.19320778429452545), 'velocity': 0.17193603515625, 'acceleration': 0.662506103515625, 'q_mark': 0.0286, 'tax_call': 'WATCHING', 'svd_deviation': 0.002182623024978479, 'gravity_well': 0.996956081525317, 'mesh_fold': 33.08859950073867, 'splash_impact': 0}"
2026-03-16 03:54:01.836624,A,ADA-USD,0.290062,0.0951,"{'ticker': 'ADA-USD', 'short_tag': 'ADA', 'spot': 0.290062, 'robust_z': np.float64(0.666297761326265), 'velocity': -0.0006787478923797607, 'acceleration': -0.00023187696933746338, 'q_mark': 0.0951, 'tax_call': 'WATCHING', 'svd_deviation': 0.0035768027033234225, 'gravity_well': 0.9950489263852204, 'mesh_fold': 48.70920918648541, 'splash_impact': 0}"
2026-03-16 03:54:02.155713,A,LINK-USD,9.7,0.005,"{'ticker': 'LINK-USD', 'short_tag': 'LINK', 'spot': 9.7, 'robust_z': np.float64(-0.03350825006950461), 'velocity': -0.007901191711425781, 'acceleration': 0.008812904357910156, 'q_mark': 0.005, 'tax_call': 'WATCHING', 'svd_deviation': 0.0034555123603313698, 'gravity_well': 0.9951873034880359, 'mesh_fold': 39.07423985683498, 'splash_impact': 0}"
2026-03-16 03:54:02.484632,A,LTC-USD,57.51,0.0923,"{'ticker': 'LTC-USD', 'short_tag': 'LTC', 'spot': 57.51, 'robust_z': np.float64(0.6458766982455781), 'velocity': 0.009918212890625, 'acceleration': -0.041370391845703125, 'q_mark': 0.0923, 'tax_call': 'WATCHING', 'svd_deviation': 0.002059426985540581, 'gravity_well': 0.9971174342250271, 'mesh_fold': 58.39729419868351, 'splash_impact': 0}"
2026-03-16 03:54:02.627669,A,ZEC-USD,232.95,0.3871,"{'ticker': 'ZEC-USD', 'short_tag': 'ZEC', 'spot': 232.95, 'robust_z': np.float64(0.4496870362289188), 'velocity': -0.6155272544119157, 'acceleration': 0.8065879779508975, 'q_mark': 0.3871, 'tax_call': 'WATCHING', 'svd_deviation': 0.008317180069641382, 'gravity_well': 0.9884947800839721, 'mesh_fold': 24.247637717787264, 'splash_impact': 0}"
2026-03-16 03:54:32.911830,A,BTC-USD,73531,0.0257,"{'ticker': 'BTC-USD', 'short_tag': 'BTC', 'spot': 73531, 'robust_z': np.float64(-0.1737649455635851), 'velocity': -105.109375, 'acceleration': 63.2734375, 'q_mark': 0.0257, 'tax_call': 'WATCHING', 'svd_deviation': 0.0022256354883432947, 'gravity_well': 0.9968906237726551, 'mesh_fold': 41.5250842410747, 'splash_impact': 0}"
2026-03-16 03:54:33.148721,A,ETH-USD,2253.42,0.0066,"{'ticker': 'ETH-USD', 'short_tag': 'ETH', 'spot': 2253.42, 'robust_z': np.float64(0.043980917435574064), 'velocity': -5.791748046875, 'acceleration': 1.9932861328125, 'q_mark': 0.0066, 'tax_call': 'WATCHING', 'svd_deviation': 0.0034181706319811734, 'gravity_well': 0.995268867478636, 'mesh_fold': 36.22363125071482, 'splash_impact': 0}"
2026-03-16 03:54:33.410267,A,SOL-USD,93.61,0.0205,"{'ticker': 'SOL-USD', 'short_tag': 'SOL', 'spot': 93.61, 'robust_z': np.float64(0.1381748859988252), 'velocity': -0.02750396728515625, 'acceleration': -0.005962371826171875, 'q_mark': 0.0205, 'tax_call': 'WATCHING', 'svd_deviation': 0.003355508245818262, 'gravity_well': 0.9953475216794241, 'mesh_fold': 33.6769134952467, 'splash_impact': 0}"
2026-03-16 03:54:33.651577,A,XRP-USD,1.48,0.0439,"{'ticker': 'XRP-USD', 'short_tag': 'XRP', 'spot': 1.48, 'robust_z': np.float64(0.299077776748459), 'velocity': 0.000582575798034668, 'acceleration': 0.0008168220520019531, 'q_mark': 0.0439, 'tax_call': 'WATCHING', 'svd_deviation': 0.002849313352732647, 'gravity_well': 0.9960197412143709, 'mesh_fold': 42.002063928013264, 'splash_impact': 0}"
2026-03-16 03:54:33.931774,A,DOGE-USD,0.102242,0.0771,"{'ticker': 'DOGE-USD', 'short_tag': 'DOGE', 'spot': 0.102242, 'robust_z': np.float64(0.5348827008351411), 'velocity': -1.210719347000122e-05, 'acceleration': -4.723668098449707e-05, 'q_mark': 0.0771, 'tax_call': 'WATCHING', 'svd_deviation': 0.003130970036417257, 'gravity_well': 0.995645973912858, 'mesh_fold': 47.21927411357746, 'splash_impact': 0}"
2026-03-16 03:54:34.162990,A,BNB-USD,678.4,0.0305,"{'ticker': 'BNB-USD', 'short_tag': 'BNB', 'spot': 678.4, 'robust_z': np.float64(-0.2062357461401767), 'velocity': 0.056884765625, 'acceleration': 0.60498046875, 'q_mark': 0.0305, 'tax_call': 'WATCHING', 'svd_deviation': 0.002182305540496035, 'gravity_well': 0.9969568382141536, 'mesh_fold': 33.065881428548366, 'splash_impact': 0}"
2026-03-16 03:54:34.581083,A,ADA-USD,0.290062,0.0952,"{'ticker': 'ADA-USD', 'short_tag': 'ADA', 'spot': 0.290062, 'robust_z': np.float64(0.6672425651430731), 'velocity': -0.0006530284881591797, 'acceleration': -0.00021901726722717285, 'q_mark': 0.0952, 'tax_call': 'WATCHING', 'svd_deviation': 0.0035754349807660185, 'gravity_well': 0.9950506081000707, 'mesh_fold': 48.727067344581656, 'splash_impact': 0}"
2026-03-16 03:54:34.819443,A,LINK-USD,9.7,0.0054,"{'ticker': 'LINK-USD', 'short_tag': 'LINK', 'spot': 9.7, 'robust_z': np.float64(-0.0363020203866902), 'velocity': -0.008685111999511719, 'acceleration': 0.008420944213867188, 'q_mark': 0.0054, 'tax_call': 'WATCHING', 'svd_deviation': 0.0034560145325384616, 'gravity_well': 0.9951867349374381, 'mesh_fold': 39.063101642610334, 'splash_impact': 0}"
2026-03-16 03:54:35.040500,A,LTC-USD,57.51,0.088,"{'ticker': 'LTC-USD', 'short_tag': 'LTC', 'spot': 57.51, 'robust_z': np.float64(0.6140212362910781), 'velocity': -0.0238037109375, 'acceleration': -0.058231353759765625, 'q_mark': 0.088, 'tax_call': 'WATCHING', 'svd_deviation': 0.0020627378870638553, 'gravity_well': 0.99711250739931, 'mesh_fold': 58.198415998072996, 'splash_impact': 0}"
2026-03-16 03:54:35.170939,A,ZEC-USD,232.95,0.3886,"{'ticker': 'ZEC-USD', 'short_tag': 'ZEC', 'spot': 232.95, 'robust_z': np.float64(0.45186581363427936), 'velocity': -0.5862972928616443, 'acceleration': 0.8212029587260332, 'q_mark': 0.3886, 'tax_call': 'WATCHING', 'svd_deviation': 0.00831619607412191, 'gravity_well': 0.9884958452156816, 'mesh_fold': 24.196599660691042, 'splash_impact': 0}"
2026-03-16 03:55:05.659465,A,BTC-USD,73531,0.0257,"{'ticker': 'BTC-USD', 'short_tag': 'BTC', 'spot': 73531, 'robust_z': np.float64(-0.1737649455635851), 'velocity': -105.109375, 'acceleration': 63.2734375, 'q_mark': 0.0257, 'tax_call': 'WATCHING', 'svd_deviation': 0.0022256354883432947, 'gravity_well': 0.9968906237726551, 'mesh_fold': 41.5250842410747, 'splash_impact': 0}"
2026-03-16 03:55:06.037399,A,ETH-USD,2253.42,0.0066,"{'ticker': 'ETH-USD', 'short_tag': 'ETH', 'spot': 2253.42, 'robust_z': np.float64(0.043980917435574064), 'velocity': -5.791748046875, 'acceleration': 1.9932861328125, 'q_mark': 0.0066, 'tax_call': 'WATCHING', 'svd_deviation': 0.0034181706319811734, 'gravity_well': 0.995268867478636, 'mesh_fold': 36.22363125071482, 'splash_impact': 0}"
2026-03-16 03:55:06.259748,A,SOL-USD,93.61,0.0205,"{'ticker': 'SOL-USD', 'short_tag': 'SOL', 'spot': 93.61, 'robust_z': np.float64(0.1381748859988252), 'velocity': -0.02750396728515625, 'acceleration': -0.005962371826171875, 'q_mark': 0.0205, 'tax_call': 'WATCHING', 'svd_deviation': 0.003355508245818262, 'gravity_well': 0.9953475216794241, 'mesh_fold': 33.6769134952467, 'splash_impact': 0}"
2026-03-16 03:55:06.502427,A,XRP-USD,1.48,0.0439,"{'ticker': 'XRP-USD', 'short_tag': 'XRP', 'spot': 1.48, 'robust_z': np.float64(0.299077776748459), 'velocity': 0.000582575798034668, 'acceleration': 0.0008168220520019531, 'q_mark': 0.0439, 'tax_call': 'WATCHING', 'svd_deviation': 0.002849313352732647, 'gravity_well': 0.9960197412143709, 'mesh_fold': 42.002063928013264, 'splash_impact': 0}"
2026-03-16 03:55:06.718477,A,DOGE-USD,0.102242,0.0771,"{'ticker': 'DOGE-USD', 'short_tag': 'DOGE', 'spot': 0.102242, 'robust_z': np.float64(0.5348827008351411), 'velocity': -1.210719347000122e-05, 'acceleration': -4.723668098449707e-05, 'q_mark': 0.0771, 'tax_call': 'WATCHING', 'svd_deviation': 0.003130970036417257, 'gravity_well': 0.995645973912858, 'mesh_fold': 47.21927411357746, 'splash_impact': 0}"
2026-03-16 03:55:06.977864,A,BNB-USD,678.4,0.0305,"{'ticker': 'BNB-USD', 'short_tag': 'BNB', 'spot': 678.4, 'robust_z': np.float64(-0.2062357461401767), 'velocity': 0.056884765625, 'acceleration': 0.60498046875, 'q_mark': 0.0305, 'tax_call': 'WATCHING', 'svd_deviation': 0.002182305540496035, 'gravity_well': 0.9969568382141536, 'mesh_fold': 33.065881428548366, 'splash_impact': 0}"
2026-03-16 03:55:07.224690,A,ADA-USD,0.290062,0.0952,"{'ticker': 'ADA-USD', 'short_tag': 'ADA', 'spot': 0.290062, 'robust_z': np.float64(0.6672425651430731), 'velocity': -0.0006530284881591797, 'acceleration': -0.00021901726722717285, 'q_mark': 0.0952, 'tax_call': 'WATCHING', 'svd_deviation': 0.0035754349807660185, 'gravity_well': 0.9950506081000707, 'mesh_fold': 48.727067344581656, 'splash_impact': 0}"
2026-03-16 03:55:07.534500,A,LINK-USD,9.7,0.0054,"{'ticker': 'LINK-USD', 'short_tag': 'LINK', 'spot': 9.7, 'robust_z': np.float64(-0.0363020203866902), 'velocity': -0.008685111999511719, 'acceleration': 0.008420944213867188, 'q_mark': 0.0054, 'tax_call': 'WATCHING', 'svd_deviation': 0.0034560145325384616, 'gravity_well': 0.9951867349374381, 'mesh_fold': 39.063101642610334, 'splash_impact': 0}"
2026-03-16 03:55:07.748258,A,LTC-USD,57.51,0.088,"{'ticker': 'LTC-USD', 'short_tag': 'LTC', 'spot': 57.51, 'robust_z': np.float64(0.6140212362910781), 'velocity': -0.0238037109375, 'acceleration': -0.058231353759765625, 'q_mark': 0.088, 'tax_call': 'WATCHING', 'svd_deviation': 0.0020627378870638553, 'gravity_well': 0.99711250739931, 'mesh_fold': 58.198415998072996, 'splash_impact': 0}"
2026-03-16 03:55:07.886408,A,ZEC-USD,232.95,0.389,"{'ticker': 'ZEC-USD', 'short_tag': 'ZEC', 'spot': 232.95, 'robust_z': np.float64(0.45246838068807843), 'velocity': -0.5782133960070723, 'acceleration': 0.8252449071533192, 'q_mark': 0.389, 'tax_call': 'WATCHING', 'svd_deviation': 0.008315930780966298, 'gravity_well': 0.9884961305824393, 'mesh_fold': 24.182527175067165, 'splash_impact': 0}"
2026-03-16 03:55:38.225652,A,BTC-USD,73531,0.0282,"{'ticker': 'BTC-USD', 'short_tag': 'BTC', 'spot': 73531, 'robust_z': np.float64(-0.19059181697537264), 'velocity': -124.3515625, 'acceleration': 53.65234375, 'q_mark': 0.0282, 'tax_call': 'WATCHING', 'svd_deviation': 0.0022290515676488105, 'gravity_well': 0.9968865144792979, 'mesh_fold': 41.472260261375936, 'splash_impact': 0}"
2026-03-16 03:55:38.512759,A,ETH-USD,2253.42,0.0043,"{'ticker': 'ETH-USD', 'short_tag': 'ETH', 'spot': 2253.42, 'robust_z': np.float64(0.02869424950018471), 'velocity': -7.966552734375, 'acceleration': 0.9058837890625, 'q_mark': 0.0043, 'tax_call': 'WATCHING', 'svd_deviation': 0.003436924586926182, 'gravity_well': 0.9952460823064763, 'mesh_fold': 36.116733769369084, 'splash_impact': 0}"
2026-03-16 03:55:39.030213,A,SOL-USD,93.61,0.0202,"{'ticker': 'SOL-USD', 'short_tag': 'SOL', 'spot': 93.61, 'robust_z': np.float64(0.13601577340072227), 'velocity': -0.031463623046875, 'acceleration': -0.00794219970703125, 'q_mark': 0.0202, 'tax_call': 'WATCHING', 'svd_deviation': 0.0033556701150153152, 'gravity_well': 0.9953473338695947, 'mesh_fold': 33.6728249106189, 'splash_impact': 0}"
2026-03-16 03:55:39.254487,A,XRP-USD,1.48,0.0434,"{'ticker': 'XRP-USD', 'short_tag': 'XRP', 'spot': 1.48, 'robust_z': np.float64(0.29606946135053636), 'velocity': 0.00047266483306884766, 'acceleration': 0.000761866569519043, 'q_mark': 0.0434, 'tax_call': 'WATCHING', 'svd_deviation': 0.0028493511573545608, 'gravity_well': 0.9960197321746982, 'mesh_fold': 41.99036704006218, 'splash_impact': 0}"
2026-03-16 03:55:39.515613,A,DOGE-USD,0.102242,0.0773,"{'ticker': 'DOGE-USD', 'short_tag': 'DOGE', 'spot': 0.102242, 'robust_z': np.float64(0.5363239081553896), 'velocity': -6.787478923797607e-06, 'acceleration': -4.4576823711395264e-05, 'q_mark': 0.0773, 'tax_call': 'WATCHING', 'svd_deviation': 0.0031307337583808604, 'gravity_well': 0.9956462922294129, 'mesh_fold': 47.229294525411106, 'splash_impact': 0}"
2026-03-16 03:55:39.757769,A,BNB-USD,678.4,0.0312,"{'ticker': 'BNB-USD', 'short_tag': 'BNB', 'spot': 678.4, 'robust_z': np.float64(-0.21135017148011406), 'velocity': 0.01171875, 'acceleration': 0.5823974609375, 'q_mark': 0.0312, 'tax_call': 'WATCHING', 'svd_deviation': 0.002182246818144195, 'gravity_well': 0.9969570453670978, 'mesh_fold': 33.05698381339487, 'splash_impact': 0}"
2026-03-16 03:55:40.006513,A,ADA-USD,0.290062,0.0956,"{'ticker': 'ADA-USD', 'short_tag': 'ADA', 'spot': 0.290062, 'robust_z': np.float64(0.6697380894729149), 'velocity': -0.0005847513675689697, 'acceleration': -0.00018487870693206787, 'q_mark': 0.0956, 'tax_call': 'WATCHING', 'svd_deviation': 0.003572019748321751, 'gravity_well': 0.9950547822048283, 'mesh_fold': 48.774583221964235, 'splash_impact': 0}"
2026-03-16 03:55:40.350264,A,LINK-USD,9.7,0.0059,"{'ticker': 'LINK-USD', 'short_tag': 'LINK', 'spot': 9.7, 'robust_z': np.float64(-0.03963279278430806), 'velocity': -0.009619712829589844, 'acceleration': 0.007953643798828125, 'q_mark': 0.0059, 'tax_call': 'WATCHING', 'svd_deviation': 0.0034566600324845024, 'gravity_well': 0.9951859934827734, 'mesh_fold': 39.04983964372717, 'splash_impact': 0}"
2026-03-16 03:55:40.758894,A,LTC-USD,57.51,0.0883,"{'ticker': 'LTC-USD', 'short_tag': 'LTC', 'spot': 57.51, 'robust_z': np.float64(0.6163203069615499), 'velocity': -0.02136993408203125, 'acceleration': -0.05701446533203125, 'q_mark': 0.0883, 'tax_call': 'WATCHING', 'svd_deviation': 0.002062394123389076, 'gravity_well': 0.9971130060649183, 'mesh_fold': 58.21270306729096, 'splash_impact': 0}"
2026-03-16 03:55:40.898645,A,ZEC-USD,232.95,0.4086,"{'ticker': 'ZEC-USD', 'short_tag': 'ZEC', 'spot': 232.95, 'robust_z': np.float64(0.48260945311623704), 'velocity': -0.17384790828381824, 'acceleration': 1.0274276510149463, 'q_mark': 0.4086, 'tax_call': 'WATCHING', 'svd_deviation': 0.008306449253113008, 'gravity_well': 0.9885053031581594, 'mesh_fold': 23.50150645963716, 'splash_impact': 0}"
2026-03-16 03:56:11.198633,A,BTC-USD,73531,0.0282,"{'ticker': 'BTC-USD', 'short_tag': 'BTC', 'spot': 73531, 'robust_z': np.float64(-0.19059181697537264), 'velocity': -124.3515625, 'acceleration': 53.65234375, 'q_mark': 0.0282, 'tax_call': 'WATCHING', 'svd_deviation': 0.0022290515676488105, 'gravity_well': 0.9968865144792979, 'mesh_fold': 41.472260261375936, 'splash_impact': 0}"
2026-03-16 03:56:11.470849,A,ETH-USD,2253.42,0.0043,"{'ticker': 'ETH-USD', 'short_tag': 'ETH', 'spot': 2253.42, 'robust_z': np.float64(0.02858537596421734), 'velocity': -7.249267578125, 'acceleration': 1.6231689453125, 'q_mark': 0.0043, 'tax_call': 'WATCHING', 'svd_deviation': 0.0034258961018479995, 'gravity_well': 0.9952609861433307, 'mesh_fold': 36.127803668859215, 'splash_impact': 0}"
2026-03-16 03:56:12.056953,A,SOL-USD,93.61,0.0202,"{'ticker': 'SOL-USD', 'short_tag': 'SOL', 'spot': 93.61, 'robust_z': np.float64(0.1361001372825001), 'velocity': 0.00858306884765625, 'acceleration': 0.0321044921875, 'q_mark': 0.0202, 'tax_call': 'WATCHING', 'svd_deviation': 0.003358969974324055, 'gravity_well': 0.9953422316828044, 'mesh_fold': 33.68790569574074, 'splash_impact': 0}"
2026-03-16 03:56:12.438063,A,XRP-USD,1.48,0.0436,"{'ticker': 'XRP-USD', 'short_tag': 'XRP', 'spot': 1.48, 'robust_z': np.float64(0.2974580367341672), 'velocity': 0.0008623600006103516, 'acceleration': 0.0011515617370605469, 'q_mark': 0.0436, 'tax_call': 'WATCHING', 'svd_deviation': 0.0028517523550023725, 'gravity_well': 0.9960160761266721, 'mesh_fold': 41.99990036115776, 'splash_impact': 0}"
2026-03-16 03:56:12.682992,A,DOGE-USD,0.102242,0.0773,"{'ticker': 'DOGE-USD', 'short_tag': 'DOGE', 'spot': 0.102242, 'robust_z': np.float64(0.5363239081553896), 'velocity': -6.787478923797607e-06, 'acceleration': -4.4576823711395264e-05, 'q_mark': 0.0773, 'tax_call': 'WATCHING', 'svd_deviation': 0.0031307337583808604, 'gravity_well': 0.9956462922294129, 'mesh_fold': 47.229294525411106, 'splash_impact': 0}"
2026-03-16 03:56:13.083137,A,BNB-USD,678.4,0.0312,"{'ticker': 'BNB-USD', 'short_tag': 'BNB', 'spot': 678.4, 'robust_z': np.float64(-0.21135017148011406), 'velocity': 0.01171875, 'acceleration': 0.5823974609375, 'q_mark': 0.0312, 'tax_call': 'WATCHING', 'svd_deviation': 0.002182246818144195, 'gravity_well': 0.9969570453670978, 'mesh_fold': 33.05698381339487, 'splash_impact': 0}"
2026-03-16 03:56:13.349996,A,ADA-USD,0.290062,0.0956,"{'ticker': 'ADA-USD', 'short_tag': 'ADA', 'spot': 0.290062, 'robust_z': np.float64(0.6697380894729149), 'velocity': -0.0005847513675689697, 'acceleration': -0.00018487870693206787, 'q_mark': 0.0956, 'tax_call': 'WATCHING', 'svd_deviation': 0.003572019748321751, 'gravity_well': 0.9950547822048283, 'mesh_fold': 48.774583221964235, 'splash_impact': 0}"
2026-03-16 03:56:13.582554,A,LINK-USD,9.7,0.0059,"{'ticker': 'LINK-USD', 'short_tag': 'LINK', 'spot': 9.7, 'robust_z': np.float64(-0.03963279278430806), 'velocity': -0.009619712829589844, 'acceleration': 0.007953643798828125, 'q_mark': 0.0059, 'tax_call': 'WATCHING', 'svd_deviation': 0.0034566600324845024, 'gravity_well': 0.9951859934827734, 'mesh_fold': 39.04983964372717, 'splash_impact': 0}"
2026-03-16 03:56:13.989527,A,LTC-USD,57.51,0.0884,"{'ticker': 'LTC-USD', 'short_tag': 'LTC', 'spot': 57.51, 'robust_z': np.float64(0.6171495542254044), 'velocity': -0.019451141357421875, 'acceleration': -0.055095672607421875, 'q_mark': 0.0884, 'tax_call': 'WATCHING', 'svd_deviation': 0.002064946899656105, 'gravity_well': 0.9971093300252669, 'mesh_fold': 58.21517174588186, 'splash_impact': 0}"
2026-03-16 03:56:14.119657,A,ZEC-USD,232.95,0.4088,"{'ticker': 'ZEC-USD', 'short_tag': 'ZEC', 'spot': 232.95, 'robust_z': np.float64(0.48288069483771856), 'velocity': -0.1702089936015625, 'acceleration': 1.0292471083560741, 'q_mark': 0.4088, 'tax_call': 'WATCHING', 'svd_deviation': 0.0083063976924077, 'gravity_well': 0.9885053402183998, 'mesh_fold': 23.495575995154777, 'splash_impact': 0}"
2026-03-16 03:56:44.444933,A,BTC-USD,73531,0.0292,"{'ticker': 'BTC-USD', 'short_tag': 'BTC', 'spot': 73531, 'robust_z': np.float64(-0.19759447357183316), 'velocity': -132.359375, 'acceleration': 49.6484375, 'q_mark': 0.0292, 'tax_call': 'WATCHING', 'svd_deviation': 0.0022306378918564413, 'gravity_well': 0.9968845819309704, 'mesh_fold': 41.450355237919794, 'splash_impact': 0}"
2026-03-16 03:56:44.933112,A,ETH-USD,2253.42,0.0043,"{'ticker': 'ETH-USD', 'short_tag': 'ETH', 'spot': 2253.42, 'robust_z': np.float64(0.02869424950018471), 'velocity': -7.966552734375, 'acceleration': 0.9058837890625, 'q_mark': 0.0043, 'tax_call': 'WATCHING', 'svd_deviation': 0.003436924586926182, 'gravity_well': 0.9952460823064763, 'mesh_fold': 36.116733769369084, 'splash_impact': 0}"
2026-03-16 03:56:45.155683,A,SOL-USD,93.61,0.0201,"{'ticker': 'SOL-USD', 'short_tag': 'SOL', 'spot': 93.61, 'robust_z': np.float64(0.1353251901805198), 'velocity': -0.0327301025390625, 'acceleration': -0.008575439453125, 'q_mark': 0.0201, 'tax_call': 'WATCHING', 'svd_deviation': 0.003355724039704842, 'gravity_well': 0.9953472708599752, 'mesh_fold': 33.671517697089016, 'splash_impact': 0}"
2026-03-16 03:56:45.407853,A,XRP-USD,1.48,0.0432,"{'ticker': 'XRP-USD', 'short_tag': 'XRP', 'spot': 1.48, 'robust_z': np.float64(0.2943956372733842), 'velocity': 0.0004115104675292969, 'acceleration': 0.0007312893867492676, 'q_mark': 0.0432, 'tax_call': 'WATCHING', 'svd_deviation': 0.002849387998385721, 'gravity_well': 0.9960197055499934, 'mesh_fold': 41.98386423579246, 'splash_impact': 0}"
2026-03-16 03:56:45.648488,A,DOGE-USD,0.102242,0.0773,"{'ticker': 'DOGE-USD', 'short_tag': 'DOGE', 'spot': 0.102242, 'robust_z': np.float64(0.5362088537894873), 'velocity': -7.212162017822266e-06, 'acceleration': -4.478916525840759e-05, 'q_mark': 0.0773, 'tax_call': 'WATCHING', 'svd_deviation': 0.003130751998133889, 'gravity_well': 0.9956462676676671, 'mesh_fold': 47.22849430989676, 'splash_impact': 0}"
2026-03-16 03:56:45.892232,A,BNB-USD,678.4,0.0308,"{'ticker': 'BNB-USD', 'short_tag': 'BNB', 'spot': 678.4, 'robust_z': np.float64(-0.20845430091601438), 'velocity': 0.03729248046875, 'acceleration': 0.595184326171875, 'q_mark': 0.0308, 'tax_call': 'WATCHING', 'svd_deviation': 0.0021822755032463175, 'gravity_well': 0.9969569343001851, 'mesh_fold': 33.06202034244099, 'splash_impact': 0}"
2026-03-16 03:56:46.175678,A,ADA-USD,0.290062,0.098,"{'ticker': 'ADA-USD', 'short_tag': 'ADA', 'spot': 0.290062, 'robust_z': np.float64(0.687592030413518), 'velocity': -8.124113082885742e-05, 'acceleration': 6.687641143798828e-05, 'q_mark': 0.098, 'tax_call': 'WATCHING', 'svd_deviation': 0.003556575346885787, 'gravity_well': 0.995072380444383, 'mesh_fold': 49.1298744610237, 'splash_impact': 0}"
2026-03-16 03:56:46.506594,A,LINK-USD,9.7,0.01,"{'ticker': 'LINK-USD', 'short_tag': 'LINK', 'spot': 9.7, 'robust_z': np.float64(-0.06683296778240577), 'velocity': -0.017251968383789062, 'acceleration': 0.004137516021728516, 'q_mark': 0.01, 'tax_call': 'WATCHING', 'svd_deviation': 0.003463832738027922, 'gravity_well': 0.9951773570135137, 'mesh_fold': 38.94223307580466, 'splash_impact': 0}"
2026-03-16 03:56:47.005694,A,LTC-USD,57.51,0.0889,"{'ticker': 'LTC-USD', 'short_tag': 'LTC', 'spot': 57.51, 'robust_z': np.float64(0.6203887251229335), 'velocity': -0.017063140869140625, 'acceleration': -0.05486106872558594, 'q_mark': 0.0889, 'tax_call': 'WATCHING', 'svd_deviation': 0.002061825699260358, 'gravity_well': 0.9971138340995498, 'mesh_fold': 58.23801058625808, 'splash_impact': 0}"
2026-03-16 03:56:47.139992,A,ZEC-USD,232.95,0.4105,"{'ticker': 'ZEC-USD', 'short_tag': 'ZEC', 'spot': 232.95, 'robust_z': np.float64(0.4854783869799119), 'velocity': -0.13535897117662898, 'acceleration': 1.046672119568541, 'q_mark': 0.4105, 'tax_call': 'WATCHING', 'svd_deviation': 0.008305934424722152, 'gravity_well': 0.9885056540073075, 'mesh_fold': 23.438953296581374, 'splash_impact': 0}"
2026-03-16 03:57:17.465911,A,BTC-USD,73531,0.0292,"{'ticker': 'BTC-USD', 'short_tag': 'BTC', 'spot': 73531, 'robust_z': np.float64(-0.19759447357183316), 'velocity': -132.359375, 'acceleration': 49.6484375, 'q_mark': 0.0292, 'tax_call': 'WATCHING', 'svd_deviation': 0.0022306378918564413, 'gravity_well': 0.9968845819309704, 'mesh_fold': 41.450355237919794, 'splash_impact': 0}"
2026-03-16 03:57:17.811794,A,ETH-USD,2253.42,0.0043,"{'ticker': 'ETH-USD', 'short_tag': 'ETH', 'spot': 2253.42, 'robust_z': np.float64(0.02869424950018471), 'velocity': -7.966552734375, 'acceleration': 0.9058837890625, 'q_mark': 0.0043, 'tax_call': 'WATCHING', 'svd_deviation': 0.003436924586926182, 'gravity_well': 0.9952460823064763, 'mesh_fold': 36.116733769369084, 'splash_impact': 0}"
2026-03-16 03:57:18.028033,A,SOL-USD,93.61,0.0201,"{'ticker': 'SOL-USD', 'short_tag': 'SOL', 'spot': 93.61, 'robust_z': np.float64(0.1353251901805198), 'velocity': -0.0327301025390625, 'acceleration': -0.008575439453125, 'q_mark': 0.0201, 'tax_call': 'WATCHING', 'svd_deviation': 0.003355724039704842, 'gravity_well': 0.9953472708599752, 'mesh_fold': 33.671517697089016, 'splash_impact': 0}"
2026-03-16 03:57:18.283773,A,XRP-USD,1.48,0.0432,"{'ticker': 'XRP-USD', 'short_tag': 'XRP', 'spot': 1.48, 'robust_z': np.float64(0.2943956372733842), 'velocity': 0.0004115104675292969, 'acceleration': 0.0007312893867492676, 'q_mark': 0.0432, 'tax_call': 'WATCHING', 'svd_deviation': 0.002849387998385721, 'gravity_well': 0.9960197055499934, 'mesh_fold': 41.98386423579246, 'splash_impact': 0}"
2026-03-16 03:57:18.520560,A,DOGE-USD,0.102242,0.0773,"{'ticker': 'DOGE-USD', 'short_tag': 'DOGE', 'spot': 0.102242, 'robust_z': np.float64(0.5362088537894873), 'velocity': -7.212162017822266e-06, 'acceleration': -4.478916525840759e-05, 'q_mark': 0.0773, 'tax_call': 'WATCHING', 'svd_deviation': 0.003130751998133889, 'gravity_well': 0.9956462676676671, 'mesh_fold': 47.22849430989676, 'splash_impact': 0}"
2026-03-16 03:57:18.859423,A,BNB-USD,678.4,0.0308,"{'ticker': 'BNB-USD', 'short_tag': 'BNB', 'spot': 678.4, 'robust_z': np.float64(-0.20845430091601438), 'velocity': 0.03729248046875, 'acceleration': 0.595184326171875, 'q_mark': 0.0308, 'tax_call': 'WATCHING', 'svd_deviation': 0.0021822755032463175, 'gravity_well': 0.9969569343001851, 'mesh_fold': 33.06202034244099, 'splash_impact': 0}"
2026-03-16 03:57:19.152449,A,ADA-USD,0.290062,0.098,"{'ticker': 'ADA-USD', 'short_tag': 'ADA', 'spot': 0.290062, 'robust_z': np.float64(0.687592030413518), 'velocity': -8.124113082885742e-05, 'acceleration': 6.687641143798828e-05, 'q_mark': 0.098, 'tax_call': 'WATCHING', 'svd_deviation': 0.003556575346885787, 'gravity_well': 0.995072380444383, 'mesh_fold': 49.1298744610237, 'splash_impact': 0}"
2026-03-16 03:57:19.376679,A,LINK-USD,9.7,0.01,"{'ticker': 'LINK-USD', 'short_tag': 'LINK', 'spot': 9.7, 'robust_z': np.float64(-0.06683296778240577), 'velocity': -0.017251968383789062, 'acceleration': 0.004137516021728516, 'q_mark': 0.01, 'tax_call': 'WATCHING', 'svd_deviation': 0.003463832738027922, 'gravity_well': 0.9951773570135137, 'mesh_fold': 38.94223307580466, 'splash_impact': 0}"
2026-03-16 03:57:19.609938,A,LTC-USD,57.51,0.0889,"{'ticker': 'LTC-USD', 'short_tag': 'LTC', 'spot': 57.51, 'robust_z': np.float64(0.6203887251229335), 'velocity': -0.017063140869140625, 'acceleration': -0.05486106872558594, 'q_mark': 0.0889, 'tax_call': 'WATCHING', 'svd_deviation': 0.002061825699260358, 'gravity_well': 0.9971138340995498, 'mesh_fold': 58.23801058625808, 'splash_impact': 0}"
2026-03-16 03:57:19.934700,A,ZEC-USD,232.95,0.4128,"{'ticker': 'ZEC-USD', 'short_tag': 'ZEC', 'spot': 232.95, 'robust_z': np.float64(0.48905920253374036), 'velocity': -0.08731959794855015, 'acceleration': 1.0706918061825803, 'q_mark': 0.4128, 'tax_call': 'WATCHING', 'svd_deviation': 0.008305386474833067, 'gravity_well': 0.9885059644137625, 'mesh_fold': 23.361413437011464, 'splash_impact': 0}"
2026-03-16 03:57:50.424721,A,BTC-USD,73498,0.0201,"{'ticker': 'BTC-USD', 'short_tag': 'BTC', 'spot': 73498, 'robust_z': np.float64(-0.13566366181874584), 'velocity': -61.5390625, 'acceleration': 85.05859375, 'q_mark': 0.0201, 'tax_call': 'WATCHING', 'svd_deviation': 0.0022199766541482696, 'gravity_well': 0.9968971162005612, 'mesh_fold': 41.64567919472511, 'splash_impact': 0}"
2026-03-16 03:57:50.681228,A,ETH-USD,2250.22,0.0065,"{'ticker': 'ETH-USD', 'short_tag': 'ETH', 'spot': 2250.22, 'robust_z': np.float64(0.043773274101471894), 'velocity': -5.8212890625, 'acceleration': 1.978515625, 'q_mark': 0.0065, 'tax_call': 'WATCHING', 'svd_deviation': 0.0034183906191066426, 'gravity_well': 0.9952686047375595, 'mesh_fold': 36.22216942799058, 'splash_impact': 0}"
2026-03-16 03:57:50.922603,A,SOL-USD,93.55,0.0179,"{'ticker': 'SOL-USD', 'short_tag': 'SOL', 'spot': 93.55, 'robust_z': np.float64(0.12016980059499201), 'velocity': -0.06052398681640625, 'acceleration': -0.022472381591796875, 'q_mark': 0.0179, 'tax_call': 'WATCHING', 'svd_deviation': 0.0033571698938138347, 'gravity_well': 0.995345529643088, 'mesh_fold': 33.64289123167522, 'splash_impact': 0}"
2026-03-16 03:57:51.359840,A,XRP-USD,1.48,0.0437,"{'ticker': 'XRP-USD', 'short_tag': 'XRP', 'spot': 1.48, 'robust_z': np.float64(0.2978248558018187), 'velocity': 0.000536799430847168, 'acceleration': 0.0007939338684082031, 'q_mark': 0.0437, 'tax_call': 'WATCHING', 'svd_deviation': 0.0028493246618573045, 'gravity_well': 0.9960197435099019, 'mesh_fold': 41.99719084170554, 'splash_impact': 0}"
2026-03-16 03:57:51.837287,A,DOGE-USD,0.102302,0.0779,"{'ticker': 'DOGE-USD', 'short_tag': 'DOGE', 'spot': 0.102302, 'robust_z': np.float64(0.5405748642008282), 'velocity': 8.903443813323975e-06, 'acceleration': -3.673136234283447e-05, 'q_mark': 0.0779, 'tax_call': 'WATCHING', 'svd_deviation': 0.0031301356223379494, 'gravity_well': 0.9956470962668756, 'mesh_fold': 47.25889284767188, 'splash_impact': 0}"
2026-03-16 03:57:52.281909,A,BNB-USD,678.48,0.0307,"{'ticker': 'BNB-USD', 'short_tag': 'BNB', 'spot': 678.48, 'robust_z': np.float64(-0.20802579500915477), 'velocity': 0.04107666015625, 'acceleration': 0.597076416015625, 'q_mark': 0.0307, 'tax_call': 'WATCHING', 'svd_deviation': 0.0021822807598896516, 'gravity_well': 0.9969569164848645, 'mesh_fold': 33.06276592484669, 'splash_impact': 0}"
2026-03-16 03:57:52.703720,A,ADA-USD,0.290186,0.0981,"{'ticker': 'ADA-USD', 'short_tag': 'ADA', 'spot': 0.290186, 'robust_z': np.float64(0.6884018753209177), 'velocity': -5.7756900787353516e-05, 'acceleration': 7.861852645874023e-05, 'q_mark': 0.0981, 'tax_call': 'WATCHING', 'svd_deviation': 0.0035562759137500156, 'gravity_well': 0.9950726293292974, 'mesh_fold': 49.146657424311314, 'splash_impact': 0}"
2026-03-16 03:57:52.922434,A,LINK-USD,9.69,0.0098,"{'ticker': 'LINK-USD', 'short_tag': 'LINK', 'spot': 9.69, 'robust_z': np.float64(-0.06576236236888575), 'velocity': -0.016951560974121094, 'acceleration': 0.0042877197265625, 'q_mark': 0.0098, 'tax_call': 'WATCHING', 'svd_deviation': 0.003463486508338066, 'gravity_well': 0.9951777836103228, 'mesh_fold': 38.94644514742489, 'splash_impact': 0}"
2026-03-16 03:57:53.143160,A,LTC-USD,57.49,0.0927,"{'ticker': 'LTC-USD', 'short_tag': 'LTC', 'spot': 57.49, 'robust_z': np.float64(0.6485973853242714), 'velocity': 0.012798309326171875, 'acceleration': -0.03993034362792969, 'q_mark': 0.0927, 'tax_call': 'WATCHING', 'svd_deviation': 0.002059289529008481, 'gravity_well': 0.9971176563553772, 'mesh_fold': 58.414372017586174, 'splash_impact': 0}"
2026-03-16 03:57:53.264251,A,ZEC-USD,233.81,0.4168,"{'ticker': 'ZEC-USD', 'short_tag': 'ZEC', 'spot': 233.81, 'robust_z': np.float64(0.4954329092479748), 'velocity': -0.001811458506949748, 'acceleration': 1.1134458759033805, 'q_mark': 0.4168, 'tax_call': 'WATCHING', 'svd_deviation': 0.008304671147878185, 'gravity_well': 0.9885061666016665, 'mesh_fold': 23.224848090739922, 'splash_impact': 0}"
2026-03-16 03:58:23.533414,A,BTC-USD,73498,0.0201,"{'ticker': 'BTC-USD', 'short_tag': 'BTC', 'spot': 73498, 'robust_z': np.float64(-0.13566366181874584), 'velocity': -61.5390625, 'acceleration': 85.05859375, 'q_mark': 0.0201, 'tax_call': 'WATCHING', 'svd_deviation': 0.0022199766541482696, 'gravity_well': 0.9968971162005612, 'mesh_fold': 41.64567919472511, 'splash_impact': 0}"
2026-03-16 03:58:23.743912,A,ETH-USD,2250.22,0.0065,"{'ticker': 'ETH-USD', 'short_tag': 'ETH', 'spot': 2250.22, 'robust_z': np.float64(0.043773274101471894), 'velocity': -5.8212890625, 'acceleration': 1.978515625, 'q_mark': 0.0065, 'tax_call': 'WATCHING', 'svd_deviation': 0.0034183906191066426, 'gravity_well': 0.9952686047375595, 'mesh_fold': 36.22216942799058, 'splash_impact': 0}"
2026-03-16 03:58:24.026341,A,SOL-USD,93.55,0.0179,"{'ticker': 'SOL-USD', 'short_tag': 'SOL', 'spot': 93.55, 'robust_z': np.float64(0.12016980059499201), 'velocity': -0.06052398681640625, 'acceleration': -0.022472381591796875, 'q_mark': 0.0179, 'tax_call': 'WATCHING', 'svd_deviation': 0.0033571698938138347, 'gravity_well': 0.995345529643088, 'mesh_fold': 33.64289123167522, 'splash_impact': 0}"
2026-03-16 03:58:24.266391,A,XRP-USD,1.48,0.0437,"{'ticker': 'XRP-USD', 'short_tag': 'XRP', 'spot': 1.48, 'robust_z': np.float64(0.2978248558018187), 'velocity': 0.000536799430847168, 'acceleration': 0.0007939338684082031, 'q_mark': 0.0437, 'tax_call': 'WATCHING', 'svd_deviation': 0.0028493246618573045, 'gravity_well': 0.9960197435099019, 'mesh_fold': 41.99719084170554, 'splash_impact': 0}"
2026-03-16 03:58:24.571215,A,DOGE-USD,0.102302,0.0779,"{'ticker': 'DOGE-USD', 'short_tag': 'DOGE', 'spot': 0.102302, 'robust_z': np.float64(0.5405748642008282), 'velocity': 8.903443813323975e-06, 'acceleration': -3.673136234283447e-05, 'q_mark': 0.0779, 'tax_call': 'WATCHING', 'svd_deviation': 0.0031301356223379494, 'gravity_well': 0.9956470962668756, 'mesh_fold': 47.25889284767188, 'splash_impact': 0}"
2026-03-16 03:58:24.773848,A,BNB-USD,678.48,0.0307,"{'ticker': 'BNB-USD', 'short_tag': 'BNB', 'spot': 678.48, 'robust_z': np.float64(-0.20802579500915477), 'velocity': 0.04107666015625, 'acceleration': 0.597076416015625, 'q_mark': 0.0307, 'tax_call': 'WATCHING', 'svd_deviation': 0.0021822807598896516, 'gravity_well': 0.9969569164848645, 'mesh_fold': 33.06276592484669, 'splash_impact': 0}"
2026-03-16 03:58:25.056177,A,ADA-USD,0.290186,0.0981,"{'ticker': 'ADA-USD', 'short_tag': 'ADA', 'spot': 0.290186, 'robust_z': np.float64(0.6884018753209177), 'velocity': -5.7756900787353516e-05, 'acceleration': 7.861852645874023e-05, 'q_mark': 0.0981, 'tax_call': 'WATCHING', 'svd_deviation': 0.0035562759137500156, 'gravity_well': 0.9950726293292974, 'mesh_fold': 49.146657424311314, 'splash_impact': 0}"
2026-03-16 03:58:25.284817,A,LINK-USD,9.69,0.0098,"{'ticker': 'LINK-USD', 'short_tag': 'LINK', 'spot': 9.69, 'robust_z': np.float64(-0.06576236236888575), 'velocity': -0.016951560974121094, 'acceleration': 0.0042877197265625, 'q_mark': 0.0098, 'tax_call': 'WATCHING', 'svd_deviation': 0.003463486508338066, 'gravity_well': 0.9951777836103228, 'mesh_fold': 38.94644514742489, 'splash_impact': 0}"
2026-03-16 03:58:25.517203,A,LTC-USD,57.49,0.0927,"{'ticker': 'LTC-USD', 'short_tag': 'LTC', 'spot': 57.49, 'robust_z': np.float64(0.6485973853242714), 'velocity': 0.012798309326171875, 'acceleration': -0.03993034362792969, 'q_mark': 0.0927, 'tax_call': 'WATCHING', 'svd_deviation': 0.002059289529008481, 'gravity_well': 0.9971176563553772, 'mesh_fold': 58.414372017586174, 'splash_impact': 0}"
2026-03-16 03:58:25.694652,A,ZEC-USD,233.81,0.4179,"{'ticker': 'ZEC-USD', 'short_tag': 'ZEC', 'spot': 233.81, 'robust_z': np.float64(0.49722862754689007), 'velocity': 0.02227947281227216, 'acceleration': 1.1254913415629915, 'q_mark': 0.4179, 'tax_call': 'WATCHING', 'svd_deviation': 0.008304529737003515, 'gravity_well': 0.9885061425598296, 'mesh_fold': 23.18670465415064, 'splash_impact': 0}"
2026-03-16 03:58:56.188875,A,BTC-USD,73498,0.0201,"{'ticker': 'BTC-USD', 'short_tag': 'BTC', 'spot': 73498, 'robust_z': np.float64(-0.13566366181874584), 'velocity': -61.5390625, 'acceleration': 85.05859375, 'q_mark': 0.0201, 'tax_call': 'WATCHING', 'svd_deviation': 0.0022199766541482696, 'gravity_well': 0.9968971162005612, 'mesh_fold': 41.64567919472511, 'splash_impact': 0}"
2026-03-16 03:58:56.425627,A,ETH-USD,2250.22,0.0068,"{'ticker': 'ETH-USD', 'short_tag': 'ETH', 'spot': 2250.22, 'robust_z': np.float64(0.04576905259371009), 'velocity': -5.537353515625, 'acceleration': 2.1204833984375, 'q_mark': 0.0068, 'tax_call': 'WATCHING', 'svd_deviation': 0.0034163160309436842, 'gravity_well': 0.9952710763456679, 'mesh_fold': 36.23623105124851, 'splash_impact': 0}"
2026-03-16 03:58:56.777067,A,SOL-USD,93.55,0.0191,"{'ticker': 'SOL-USD', 'short_tag': 'SOL', 'spot': 93.55, 'robust_z': np.float64(0.12825711252314628), 'velocity': -0.04569244384765625, 'acceleration': -0.015056610107421875, 'q_mark': 0.0191, 'tax_call': 'WATCHING', 'svd_deviation': 0.0033563358953699047, 'gravity_well': 0.9953465440839607, 'mesh_fold': 33.65815246316303, 'splash_impact': 0}"
2026-03-16 03:58:57.081746,A,XRP-USD,1.48,0.0448,"{'ticker': 'XRP-USD', 'short_tag': 'XRP', 'spot': 1.48, 'robust_z': np.float64(0.3054500543755119), 'velocity': 0.0008153915405273438, 'acceleration': 0.000933229923248291, 'q_mark': 0.0448, 'tax_call': 'WATCHING', 'svd_deviation': 0.002849353837779766, 'gravity_well': 0.9960195956529391, 'mesh_fold': 42.02688125056884, 'splash_impact': 0}"
2026-03-16 03:58:57.337684,A,DOGE-USD,0.102302,0.0787,"{'ticker': 'DOGE-USD', 'short_tag': 'DOGE', 'spot': 0.102302, 'robust_z': np.float64(0.5461640841864975), 'velocity': 2.9534101486206055e-05, 'acceleration': -2.6416033506393433e-05, 'q_mark': 0.0787, 'tax_call': 'WATCHING', 'svd_deviation': 0.003129573820044177, 'gravity_well': 0.9956478466296997, 'mesh_fold': 47.29790550589414, 'splash_impact': 0}"
2026-03-16 03:58:57.717677,A,BNB-USD,678.48,0.0304,"{'ticker': 'BNB-USD', 'short_tag': 'BNB', 'spot': 678.48, 'robust_z': np.float64(-0.20606987288590844), 'velocity': 0.058349609375, 'acceleration': 0.605712890625, 'q_mark': 0.0304, 'tax_call': 'WATCHING', 'svd_deviation': 0.0021823080672577788, 'gravity_well': 0.9969568306468665, 'mesh_fold': 33.06617019686138, 'splash_impact': 0}"
2026-03-16 03:58:58.002579,A,ADA-USD,0.290186,0.0984,"{'ticker': 'ADA-USD', 'short_tag': 'ADA', 'spot': 0.290186, 'robust_z': np.float64(0.6905494179056962), 'velocity': 4.798173904418945e-06, 'acceleration': 0.00010989606380462646, 'q_mark': 0.0984, 'tax_call': 'WATCHING', 'svd_deviation': 0.0035556619561376928, 'gravity_well': 0.995073042112891, 'mesh_fold': 49.191455207716764, 'splash_impact': 0}"
2026-03-16 03:58:58.411597,A,LINK-USD,9.69,0.009,"{'ticker': 'LINK-USD', 'short_tag': 'LINK', 'spot': 9.69, 'robust_z': np.float64(-0.06038554406987405), 'velocity': -0.015442848205566406, 'acceleration': 0.005042076110839844, 'q_mark': 0.009, 'tax_call': 'WATCHING', 'svd_deviation': 0.0034618267314059465, 'gravity_well': 0.9951798189684238, 'mesh_fold': 38.967627979238124, 'splash_impact': 0}"
2026-03-16 03:58:58.647453,A,LTC-USD,57.49,0.0927,"{'ticker': 'LTC-USD', 'short_tag': 'LTC', 'spot': 57.49, 'robust_z': np.float64(0.6485973853242714), 'velocity': 0.012798309326171875, 'acceleration': -0.03993034362792969, 'q_mark': 0.0927, 'tax_call': 'WATCHING', 'svd_deviation': 0.002059289529008481, 'gravity_well': 0.9971176563553772, 'mesh_fold': 58.414372017586174, 'splash_impact': 0}"
2026-03-16 03:58:58.775047,A,ZEC-USD,233.81,0.4181,"{'ticker': 'ZEC-USD', 'short_tag': 'ZEC', 'spot': 233.81, 'robust_z': np.float64(0.4974248004147525), 'velocity': 0.024911281537072227, 'acceleration': 1.1268072459253915, 'q_mark': 0.4181, 'tax_call': 'WATCHING', 'svd_deviation': 0.008304515890201212, 'gravity_well': 0.9885061377756647, 'mesh_fold': 23.182546466223418, 'splash_impact': 0}"
2026-03-16 03:59:29.102775,A,BTC-USD,73498,0.0201,"{'ticker': 'BTC-USD', 'short_tag': 'BTC', 'spot': 73498, 'robust_z': np.float64(-0.13566366181874584), 'velocity': -61.5390625, 'acceleration': 85.05859375, 'q_mark': 0.0201, 'tax_call': 'WATCHING', 'svd_deviation': 0.0022199766541482696, 'gravity_well': 0.9968971162005612, 'mesh_fold': 41.64567919472511, 'splash_impact': 0}"
2026-03-16 03:59:29.352745,A,ETH-USD,2250.22,0.0068,"{'ticker': 'ETH-USD', 'short_tag': 'ETH', 'spot': 2250.22, 'robust_z': np.float64(0.04576905259371009), 'velocity': -5.537353515625, 'acceleration': 2.1204833984375, 'q_mark': 0.0068, 'tax_call': 'WATCHING', 'svd_deviation': 0.0034163160309436842, 'gravity_well': 0.9952710763456679, 'mesh_fold': 36.23623105124851, 'splash_impact': 0}"
2026-03-16 03:59:29.668207,A,SOL-USD,93.55,0.0191,"{'ticker': 'SOL-USD', 'short_tag': 'SOL', 'spot': 93.55, 'robust_z': np.float64(0.12825711252314628), 'velocity': -0.04569244384765625, 'acceleration': -0.015056610107421875, 'q_mark': 0.0191, 'tax_call': 'WATCHING', 'svd_deviation': 0.0033563358953699047, 'gravity_well': 0.9953465440839607, 'mesh_fold': 33.65815246316303, 'splash_impact': 0}"
2026-03-16 03:59:30.076036,A,XRP-USD,1.48,0.0448,"{'ticker': 'XRP-USD', 'short_tag': 'XRP', 'spot': 1.48, 'robust_z': np.float64(0.3054500543755119), 'velocity': 0.0008153915405273438, 'acceleration': 0.000933229923248291, 'q_mark': 0.0448, 'tax_call': 'WATCHING', 'svd_deviation': 0.002849353837779766, 'gravity_well': 0.9960195956529391, 'mesh_fold': 42.02688125056884, 'splash_impact': 0}"
2026-03-16 03:59:30.386866,A,DOGE-USD,0.102302,0.0787,"{'ticker': 'DOGE-USD', 'short_tag': 'DOGE', 'spot': 0.102302, 'robust_z': np.float64(0.5461640841864975), 'velocity': 2.9534101486206055e-05, 'acceleration': -2.6416033506393433e-05, 'q_mark': 0.0787, 'tax_call': 'WATCHING', 'svd_deviation': 0.003129573820044177, 'gravity_well': 0.9956478466296997, 'mesh_fold': 47.29790550589414, 'splash_impact': 0}"
2026-03-16 03:59:30.644550,A,BNB-USD,678.48,0.0304,"{'ticker': 'BNB-USD', 'short_tag': 'BNB', 'spot': 678.48, 'robust_z': np.float64(-0.20606987288590844), 'velocity': 0.058349609375, 'acceleration': 0.605712890625, 'q_mark': 0.0304, 'tax_call': 'WATCHING', 'svd_deviation': 0.0021823080672577788, 'gravity_well': 0.9969568306468665, 'mesh_fold': 33.06617019686138, 'splash_impact': 0}"
2026-03-16 03:59:30.873154,A,ADA-USD,0.290186,0.0984,"{'ticker': 'ADA-USD', 'short_tag': 'ADA', 'spot': 0.290186, 'robust_z': np.float64(0.6905494179056962), 'velocity': 4.798173904418945e-06, 'acceleration': 0.00010989606380462646, 'q_mark': 0.0984, 'tax_call': 'WATCHING', 'svd_deviation': 0.0035556619561376928, 'gravity_well': 0.995073042112891, 'mesh_fold': 49.191455207716764, 'splash_impact': 0}"
2026-03-16 03:59:31.352751,A,LINK-USD,9.69,0.009,"{'ticker': 'LINK-USD', 'short_tag': 'LINK', 'spot': 9.69, 'robust_z': np.float64(-0.06038554406987405), 'velocity': -0.015442848205566406, 'acceleration': 0.005042076110839844, 'q_mark': 0.009, 'tax_call': 'WATCHING', 'svd_deviation': 0.0034618267314059465, 'gravity_well': 0.9951798189684238, 'mesh_fold': 38.967627979238124, 'splash_impact': 0}"
2026-03-16 03:59:31.614308,A,LTC-USD,57.49,0.0927,"{'ticker': 'LTC-USD', 'short_tag': 'LTC', 'spot': 57.49, 'robust_z': np.float64(0.6485973853242714), 'velocity': 0.012798309326171875, 'acceleration': -0.03993034362792969, 'q_mark': 0.0927, 'tax_call': 'WATCHING', 'svd_deviation': 0.002059289529008481, 'gravity_well': 0.9971176563553772, 'mesh_fold': 58.414372017586174, 'splash_impact': 0}"
2026-03-16 03:59:31.754367,A,ZEC-USD,233.81,0.4196,"{'ticker': 'ZEC-USD', 'short_tag': 'ZEC', 'spot': 233.81, 'robust_z': np.float64(0.4997969355381437), 'velocity': 0.05673528442886777, 'acceleration': 1.1427192473712893, 'q_mark': 0.4196, 'tax_call': 'WATCHING', 'svd_deviation': 0.008304373425344914, 'gravity_well': 0.9885060462841477, 'mesh_fold': 23.132401798912554, 'splash_impact': 0}"
2026-03-16 04:00:02.078623,A,BTC-USD,73498,0.0171,"{'ticker': 'BTC-USD', 'short_tag': 'BTC', 'spot': 73498, 'robust_z': np.float64(-0.11494263015331686), 'velocity': -37.84375, 'acceleration': 96.90625, 'q_mark': 0.0171, 'tax_call': 'WATCHING', 'svd_deviation': 0.002218114322107833, 'gravity_well': 0.9968989968049049, 'mesh_fold': 41.71184069404146, 'splash_impact': 0}"
2026-03-16 04:00:02.417173,A,ETH-USD,2250.22,0.0088,"{'ticker': 'ETH-USD', 'short_tag': 'ETH', 'spot': 2250.22, 'robust_z': np.float64(0.0588900520362322), 'velocity': -4.296142578125, 'acceleration': 2.7410888671875, 'q_mark': 0.0088, 'tax_call': 'WATCHING', 'svd_deviation': 0.003408294166544972, 'gravity_well': 0.9952804659507056, 'mesh_fold': 36.29799523079082, 'splash_impact': 0}"
2026-03-16 04:00:02.654897,A,SOL-USD,93.55,0.0203,"{'ticker': 'SOL-USD', 'short_tag': 'SOL', 'spot': 93.55, 'robust_z': np.float64(0.13654411116557597), 'velocity': -0.03049468994140625, 'acceleration': -0.007457733154296875, 'q_mark': 0.0203, 'tax_call': 'WATCHING', 'svd_deviation': 0.0033556295634205435, 'gravity_well': 0.9953473811138994, 'mesh_fold': 33.6738251724127, 'splash_impact': 0}"
2026-03-16 04:00:02.967744,A,XRP-USD,1.48,0.0458,"{'ticker': 'XRP-USD', 'short_tag': 'XRP', 'spot': 1.48, 'robust_z': np.float64(0.31281422775198836), 'velocity': 0.001084446907043457, 'acceleration': 0.0010677576065063477, 'q_mark': 0.0458, 'tax_call': 'WATCHING', 'svd_deviation': 0.002849604635842739, 'gravity_well': 0.9960191487571373, 'mesh_fold': 42.05563061335497, 'splash_impact': 0}"
2026-03-16 04:00:03.322972,A,DOGE-USD,0.102302,0.0788,"{'ticker': 'DOGE-USD', 'short_tag': 'DOGE', 'spot': 0.102302, 'robust_z': np.float64(0.5470098347007609), 'velocity': 3.265589475631714e-05, 'acceleration': -2.485513687133789e-05, 'q_mark': 0.0788, 'tax_call': 'WATCHING', 'svd_deviation': 0.0031295110455809004, 'gravity_well': 0.9956479297942299, 'mesh_fold': 47.30381837857682, 'splash_impact': 0}"
2026-03-16 04:00:03.611130,A,BNB-USD,678.48,0.03,"{'ticker': 'BNB-USD', 'short_tag': 'BNB', 'spot': 678.48, 'robust_z': np.float64(-0.20326385033453742), 'velocity': 0.0831298828125, 'acceleration': 0.61810302734375, 'q_mark': 0.03, 'tax_call': 'WATCHING', 'svd_deviation': 0.002182356735870565, 'gravity_well': 0.9969566945528462, 'mesh_fold': 33.07105707072882, 'splash_impact': 0}"
2026-03-16 04:00:03.856075,A,ADA-USD,0.290186,0.0996,"{'ticker': 'ADA-USD', 'short_tag': 'ADA', 'spot': 0.290186, 'robust_z': np.float64(0.6996252465176447), 'velocity': 0.00027373433113098145, 'acceleration': 0.0002443641424179077, 'q_mark': 0.0996, 'tax_call': 'WATCHING', 'svd_deviation': 0.0035560658135696055, 'gravity_well': 0.9950706688518082, 'mesh_fold': 49.385596347728004, 'splash_impact': 0}"
2026-03-16 04:00:04.112693,A,LINK-USD,9.69,0.0072,"{'ticker': 'LINK-USD', 'short_tag': 'LINK', 'spot': 9.69, 'robust_z': np.float64(-0.04829959851280352), 'velocity': -0.012051582336425781, 'acceleration': 0.006737709045410156, 'q_mark': 0.0072, 'tax_call': 'WATCHING', 'svd_deviation': 0.003458578016175403, 'gravity_well': 0.9951837403181056, 'mesh_fold': 39.0154186003782, 'splash_impact': 0}"
2026-03-16 04:00:04.347107,A,LTC-USD,57.49,0.0931,"{'ticker': 'LTC-USD', 'short_tag': 'LTC', 'spot': 57.49, 'robust_z': np.float64(0.651671221189338), 'velocity': 0.01605224609375, 'acceleration': -0.038303375244140625, 'q_mark': 0.0931, 'tax_call': 'WATCHING', 'svd_deviation': 0.0020591617807953514, 'gravity_well': 0.9971178696107765, 'mesh_fold': 58.433684083917036, 'splash_impact': 0}"
2026-03-16 04:00:04.702347,A,ZEC-USD,233.81,0.4208,"{'ticker': 'ZEC-USD', 'short_tag': 'ZEC', 'spot': 233.81, 'robust_z': np.float64(0.5017867127987777), 'velocity': 0.08342966480881842, 'acceleration': 1.1560664375612646, 'q_mark': 0.4208, 'tax_call': 'WATCHING', 'svd_deviation': 0.008304289499300703, 'gravity_well': 0.9885059216160166, 'mesh_fold': 23.09053334934535, 'splash_impact': 0}"
2026-03-16 04:00:35.063963,A,BTC-USD,73498,0.0188,"{'ticker': 'BTC-USD', 'short_tag': 'BTC', 'spot': 73498, 'robust_z': np.float64(-0.12670709323537052), 'velocity': -51.296875, 'acceleration': 90.1796875, 'q_mark': 0.0188, 'tax_call': 'WATCHING', 'svd_deviation': 0.0022190663672139667, 'gravity_well': 0.9968980722506378, 'mesh_fold': 41.674227123835266, 'splash_impact': 0}"
2026-03-16 04:00:35.308304,A,ETH-USD,2250.22,0.0088,"{'ticker': 'ETH-USD', 'short_tag': 'ETH', 'spot': 2250.22, 'robust_z': np.float64(0.05913373264319508), 'velocity': -4.27880859375, 'acceleration': 2.749755859375, 'q_mark': 0.0088, 'tax_call': 'WATCHING', 'svd_deviation': 0.0034081942404220527, 'gravity_well': 0.995280580703926, 'mesh_fold': 36.29886119189406, 'splash_impact': 0}"
2026-03-16 04:00:35.522714,A,SOL-USD,93.55,0.0284,"{'ticker': 'SOL-USD', 'short_tag': 'SOL', 'spot': 93.55, 'robust_z': np.float64(0.19184485060022352), 'velocity': 0.0709228515625, 'acceleration': 0.04325103759765625, 'q_mark': 0.0284, 'tax_call': 'WATCHING', 'svd_deviation': 0.003354762769261662, 'gravity_well': 0.9953477088351713, 'mesh_fold': 33.77931394952126, 'splash_impact': 0}"
2026-03-16 04:00:35.788966,A,XRP-USD,1.48,0.0502,"{'ticker': 'XRP-USD', 'short_tag': 'XRP', 'spot': 1.48, 'robust_z': np.float64(0.34313230440870923), 'velocity': 0.0021921396255493164, 'acceleration': 0.0016216039657592773, 'q_mark': 0.0502, 'tax_call': 'WATCHING', 'svd_deviation': 0.0028529390372964186, 'gravity_well': 0.9960141673177942, 'mesh_fold': 42.1747736101648, 'splash_impact': 0}"
2026-03-16 04:00:36.233448,A,DOGE-USD,0.102302,0.0788,"{'ticker': 'DOGE-USD', 'short_tag': 'DOGE', 'spot': 0.102302, 'robust_z': np.float64(0.5470098347007609), 'velocity': 5.7891011238098145e-05, 'acceleration': 3.7997961044311523e-07, 'q_mark': 0.0788, 'tax_call': 'WATCHING', 'svd_deviation': 0.003131501287527628, 'gravity_well': 0.9956450182838071, 'mesh_fold': 47.31048040791504, 'splash_impact': 0}"
2026-03-16 04:00:36.739680,A,BNB-USD,678.48,0.0243,"{'ticker': 'BNB-USD', 'short_tag': 'BNB', 'spot': 678.48, 'robust_z': np.float64(-0.1641868761831782), 'velocity': 0.42822265625, 'acceleration': 0.7906494140625, 'q_mark': 0.0243, 'tax_call': 'WATCHING', 'svd_deviation': 0.002184196468510137, 'gravity_well': 0.9969532151969929, 'mesh_fold': 33.13948132274965, 'splash_impact': 0}"
2026-03-16 04:00:36.976555,A,ADA-USD,0.290186,0.099,"{'ticker': 'ADA-USD', 'short_tag': 'ADA', 'spot': 0.290186, 'robust_z': np.float64(0.6950725593217267), 'velocity': 0.0001378953456878662, 'acceleration': 0.0001764446496963501, 'q_mark': 0.099, 'tax_call': 'WATCHING', 'svd_deviation': 0.0035552445803512804, 'gravity_well': 0.995072708935063, 'mesh_fold': 49.28722151820689, 'splash_impact': 0}"
2026-03-16 04:00:37.390817,A,LINK-USD,9.69,0.0073,"{'ticker': 'LINK-USD', 'short_tag': 'LINK', 'spot': 9.69, 'robust_z': np.float64(-0.04874143566758957), 'velocity': -0.012175559997558594, 'acceleration': 0.00667572021484375, 'q_mark': 0.0073, 'tax_call': 'WATCHING', 'svd_deviation': 0.0034586850145515153, 'gravity_well': 0.9951836129306225, 'mesh_fold': 39.01366717352817, 'splash_impact': 0}"
2026-03-16 04:00:37.710233,A,LTC-USD,57.49,0.095,"{'ticker': 'LTC-USD', 'short_tag': 'LTC', 'spot': 57.49, 'robust_z': np.float64(0.665244930866184), 'velocity': 0.0350189208984375, 'acceleration': -0.028820037841796875, 'q_mark': 0.095, 'tax_call': 'WATCHING', 'svd_deviation': 0.002058999071940499, 'gravity_well': 0.9971183158663024, 'mesh_fold': 58.54662197622798, 'splash_impact': 0}"
2026-03-16 04:00:37.839426,A,ZEC-USD,233.81,0.423,"{'ticker': 'ZEC-USD', 'short_tag': 'ZEC', 'spot': 233.81, 'robust_z': np.float64(0.505283776607644), 'velocity': 0.13034544446603036, 'acceleration': 1.1795243273898706, 'q_mark': 0.423, 'tax_call': 'WATCHING', 'svd_deviation': 0.008304220648133805, 'gravity_well': 0.9885055965692774, 'mesh_fold': 23.017373769804756, 'splash_impact': 0}"
2026-03-16 04:01:08.182552,A,BTC-USD,73498,0.0188,"{'ticker': 'BTC-USD', 'short_tag': 'BTC', 'spot': 73498, 'robust_z': np.float64(-0.12670709323537052), 'velocity': -51.296875, 'acceleration': 90.1796875, 'q_mark': 0.0188, 'tax_call': 'WATCHING', 'svd_deviation': 0.0022190663672139667, 'gravity_well': 0.9968980722506378, 'mesh_fold': 41.674227123835266, 'splash_impact': 0}"
2026-03-16 04:01:08.407519,A,ETH-USD,2250.22,0.0088,"{'ticker': 'ETH-USD', 'short_tag': 'ETH', 'spot': 2250.22, 'robust_z': np.float64(0.05913373264319508), 'velocity': -4.27880859375, 'acceleration': 2.749755859375, 'q_mark': 0.0088, 'tax_call': 'WATCHING', 'svd_deviation': 0.0034081942404220527, 'gravity_well': 0.995280580703926, 'mesh_fold': 36.29886119189406, 'splash_impact': 0}"
2026-03-16 04:01:08.637967,A,SOL-USD,93.55,0.0284,"{'ticker': 'SOL-USD', 'short_tag': 'SOL', 'spot': 93.55, 'robust_z': np.float64(0.19184485060022352), 'velocity': 0.0709228515625, 'acceleration': 0.04325103759765625, 'q_mark': 0.0284, 'tax_call': 'WATCHING', 'svd_deviation': 0.003354762769261662, 'gravity_well': 0.9953477088351713, 'mesh_fold': 33.77931394952126, 'splash_impact': 0}"
2026-03-16 04:01:09.033518,A,XRP-USD,1.48,0.0502,"{'ticker': 'XRP-USD', 'short_tag': 'XRP', 'spot': 1.48, 'robust_z': np.float64(0.34313230440870923), 'velocity': 0.0021921396255493164, 'acceleration': 0.0016216039657592773, 'q_mark': 0.0502, 'tax_call': 'WATCHING', 'svd_deviation': 0.0028529390372964186, 'gravity_well': 0.9960141673177942, 'mesh_fold': 42.1747736101648, 'splash_impact': 0}"
2026-03-16 04:01:09.496120,A,DOGE-USD,0.102302,0.0807,"{'ticker': 'DOGE-USD', 'short_tag': 'DOGE', 'spot': 0.102302, 'robust_z': np.float64(0.5609980233972898), 'velocity': 8.428841829299927e-05, 'acceleration': 9.611248970031738e-07, 'q_mark': 0.0807, 'tax_call': 'WATCHING', 'svd_deviation': 0.003129320881957666, 'gravity_well': 0.9956481462341449, 'mesh_fold': 47.40197878458715, 'splash_impact': 0}"
2026-03-16 04:01:09.895042,A,BNB-USD,678.48,0.0243,"{'ticker': 'BNB-USD', 'short_tag': 'BNB', 'spot': 678.48, 'robust_z': np.float64(-0.1641868761831782), 'velocity': 0.42822265625, 'acceleration': 0.7906494140625, 'q_mark': 0.0243, 'tax_call': 'WATCHING', 'svd_deviation': 0.002184196468510137, 'gravity_well': 0.9969532151969929, 'mesh_fold': 33.13948132274965, 'splash_impact': 0}"
2026-03-16 04:01:10.122349,A,ADA-USD,0.290186,0.099,"{'ticker': 'ADA-USD', 'short_tag': 'ADA', 'spot': 0.290186, 'robust_z': np.float64(0.6950725593217267), 'velocity': 0.0001378953456878662, 'acceleration': 0.0001764446496963501, 'q_mark': 0.099, 'tax_call': 'WATCHING', 'svd_deviation': 0.0035552445803512804, 'gravity_well': 0.995072708935063, 'mesh_fold': 49.28722151820689, 'splash_impact': 0}"
2026-03-16 04:01:10.391946,A,LINK-USD,9.69,0.0073,"{'ticker': 'LINK-USD', 'short_tag': 'LINK', 'spot': 9.69, 'robust_z': np.float64(-0.04874143566758957), 'velocity': -0.012175559997558594, 'acceleration': 0.00667572021484375, 'q_mark': 0.0073, 'tax_call': 'WATCHING', 'svd_deviation': 0.0034586850145515153, 'gravity_well': 0.9951836129306225, 'mesh_fold': 39.01366717352817, 'splash_impact': 0}"
2026-03-16 04:01:10.623650,A,LTC-USD,57.49,0.095,"{'ticker': 'LTC-USD', 'short_tag': 'LTC', 'spot': 57.49, 'robust_z': np.float64(0.665244930866184), 'velocity': 0.0350189208984375, 'acceleration': -0.028820037841796875, 'q_mark': 0.095, 'tax_call': 'WATCHING', 'svd_deviation': 0.002058999071940499, 'gravity_well': 0.9971183158663024, 'mesh_fold': 58.54662197622798, 'splash_impact': 0}"
2026-03-16 04:01:10.771122,A,ZEC-USD,233.81,0.4233,"{'ticker': 'ZEC-USD', 'short_tag': 'ZEC', 'spot': 233.81, 'robust_z': np.float64(0.5056932973093344), 'velocity': 0.13583947719052958, 'acceleration': 1.1822713437521202, 'q_mark': 0.4233, 'tax_call': 'WATCHING', 'svd_deviation': 0.008304219142994812, 'gravity_well': 0.9885055496726324, 'mesh_fold': 23.008841715458196, 'splash_impact': 0}"
2026-03-16 04:01:41.044862,A,BTC-USD,73498,0.0183,"{'ticker': 'BTC-USD', 'short_tag': 'BTC', 'spot': 73498, 'robust_z': np.float64(-0.12292224274323478), 'velocity': -46.96875, 'acceleration': 92.34375, 'q_mark': 0.0183, 'tax_call': 'WATCHING', 'svd_deviation': 0.002218729878493613, 'gravity_well': 0.9968984107621592, 'mesh_fold': 41.68631375633966, 'splash_impact': 0}"
2026-03-16 04:01:41.431726,A,ETH-USD,2250.22,0.008,"{'ticker': 'ETH-USD', 'short_tag': 'ETH', 'spot': 2250.22, 'robust_z': np.float64(0.053638906562243495), 'velocity': -4.669677734375, 'acceleration': 2.5543212890625, 'q_mark': 0.008, 'tax_call': 'WATCHING', 'svd_deviation': 0.0034105286265913907, 'gravity_well': 0.9952778832491104, 'mesh_fold': 36.27935716692897, 'splash_impact': 0}"
2026-03-16 04:01:41.651459,A,SOL-USD,93.55,0.0284,"{'ticker': 'SOL-USD', 'short_tag': 'SOL', 'spot': 93.55, 'robust_z': np.float64(0.19199461563593007), 'velocity': 0.071197509765625, 'acceleration': 0.04338836669921875, 'q_mark': 0.0284, 'tax_call': 'WATCHING', 'svd_deviation': 0.0033547695092218, 'gravity_well': 0.9953476972978347, 'mesh_fold': 33.77960177071444, 'splash_impact': 0}"
2026-03-16 04:01:41.895756,A,XRP-USD,1.48,0.0501,"{'ticker': 'XRP-USD', 'short_tag': 'XRP', 'spot': 1.48, 'robust_z': np.float64(0.34257436304965855), 'velocity': 0.002171754837036133, 'acceleration': 0.0016114115715026855, 'q_mark': 0.0501, 'tax_call': 'WATCHING', 'svd_deviation': 0.0028528442649671283, 'gravity_well': 0.9960143045355689, 'mesh_fold': 42.17256961472746, 'splash_impact': 0}"
2026-03-16 04:01:42.256970,A,DOGE-USD,0.102302,0.0798,"{'ticker': 'DOGE-USD', 'short_tag': 'DOGE', 'spot': 0.102302, 'robust_z': np.float64(0.5546639777797274), 'velocity': 6.0908496379852295e-05, 'acceleration': -1.0728836059570312e-05, 'q_mark': 0.0798, 'tax_call': 'WATCHING', 'svd_deviation': 0.0031292088256052787, 'gravity_well': 0.9956483190762601, 'mesh_fold': 47.35744496748615, 'splash_impact': 0}"
2026-03-16 04:01:42.514598,A,BNB-USD,678.48,0.0242,"{'ticker': 'BNB-USD', 'short_tag': 'BNB', 'spot': 678.48, 'robust_z': np.float64(-0.16359940840764486), 'velocity': 0.43341064453125, 'acceleration': 0.793243408203125, 'q_mark': 0.0242, 'tax_call': 'WATCHING', 'svd_deviation': 0.00218424065427691, 'gravity_well': 0.9969531403743351, 'mesh_fold': 33.14051525290506, 'splash_impact': 0}"
2026-03-16 04:01:42.953561,A,ADA-USD,0.290186,0.0908,"{'ticker': 'ADA-USD', 'short_tag': 'ADA', 'spot': 0.290186, 'robust_z': np.float64(0.6347349010529647), 'velocity': -0.00010496377944946289, 'acceleration': -0.00012142956256866455, 'q_mark': 0.0908, 'tax_call': 'WATCHING', 'svd_deviation': 0.003548046138901795, 'gravity_well': 0.995085016247657, 'mesh_fold': 49.18298744474679, 'splash_impact': 0}"
2026-03-16 04:01:43.262319,A,LINK-USD,9.69,0.0077,"{'ticker': 'LINK-USD', 'short_tag': 'LINK', 'spot': 9.69, 'robust_z': np.float64(-0.05155811290107788), 'velocity': -0.000713348388671875, 'acceleration': 0.005731105804443359, 'q_mark': 0.0077, 'tax_call': 'WATCHING', 'svd_deviation': 0.003454667976959589, 'gravity_well': 0.9951888140481691, 'mesh_fold': 39.06457609706385, 'splash_impact': 0}"
2026-03-16 04:01:43.617439,A,LTC-USD,57.49,0.0938,"{'ticker': 'LTC-USD', 'short_tag': 'LTC', 'spot': 57.49, 'robust_z': np.float64(0.6569828672211177), 'velocity': 0.02167510986328125, 'acceleration': -0.035491943359375, 'q_mark': 0.0938, 'tax_call': 'WATCHING', 'svd_deviation': 0.002059009938273169, 'gravity_well': 0.9971181437844482, 'mesh_fold': 58.467099570692966, 'splash_impact': 0}"
2026-03-16 04:01:43.748900,A,ZEC-USD,233.81,0.4272,"{'ticker': 'ZEC-USD', 'short_tag': 'ZEC', 'spot': 233.81, 'robust_z': np.float64(0.5118759307914661), 'velocity': 0.2187842234126549, 'acceleration': 1.2237437168631828, 'q_mark': 0.4272, 'tax_call': 'WATCHING', 'svd_deviation': 0.008304363474786433, 'gravity_well': 0.9885046166947872, 'mesh_fold': 22.88092082733094, 'splash_impact': 0}"
2026-03-16 04:02:14.191336,A,BTC-USD,73498,0.0183,"{'ticker': 'BTC-USD', 'short_tag': 'BTC', 'spot': 73498, 'robust_z': np.float64(-0.12292224274323478), 'velocity': -46.96875, 'acceleration': 92.34375, 'q_mark': 0.0183, 'tax_call': 'WATCHING', 'svd_deviation': 0.002218729878493613, 'gravity_well': 0.9968984107621592, 'mesh_fold': 41.68631375633966, 'splash_impact': 0}"
2026-03-16 04:02:14.510365,A,ETH-USD,2250.22,0.008,"{'ticker': 'ETH-USD', 'short_tag': 'ETH', 'spot': 2250.22, 'robust_z': np.float64(0.053638906562243495), 'velocity': -4.669677734375, 'acceleration': 2.5543212890625, 'q_mark': 0.008, 'tax_call': 'WATCHING', 'svd_deviation': 0.0034105286265913907, 'gravity_well': 0.9952778832491104, 'mesh_fold': 36.27935716692897, 'splash_impact': 0}"
2026-03-16 04:02:14.915096,A,SOL-USD,93.55,0.0284,"{'ticker': 'SOL-USD', 'short_tag': 'SOL', 'spot': 93.55, 'robust_z': np.float64(0.19199461563593007), 'velocity': 0.071197509765625, 'acceleration': 0.04338836669921875, 'q_mark': 0.0284, 'tax_call': 'WATCHING', 'svd_deviation': 0.0033547695092218, 'gravity_well': 0.9953476972978347, 'mesh_fold': 33.77960177071444, 'splash_impact': 0}"
2026-03-16 04:02:15.153059,A,XRP-USD,1.48,0.0501,"{'ticker': 'XRP-USD', 'short_tag': 'XRP', 'spot': 1.48, 'robust_z': np.float64(0.34257436304965855), 'velocity': 0.002171754837036133, 'acceleration': 0.0016114115715026855, 'q_mark': 0.0501, 'tax_call': 'WATCHING', 'svd_deviation': 0.0028528442649671283, 'gravity_well': 0.9960143045355689, 'mesh_fold': 42.17256961472746, 'splash_impact': 0}"
2026-03-16 04:02:15.398371,A,DOGE-USD,0.102302,0.0798,"{'ticker': 'DOGE-USD', 'short_tag': 'DOGE', 'spot': 0.102302, 'robust_z': np.float64(0.5546639777797274), 'velocity': 6.0908496379852295e-05, 'acceleration': -1.0728836059570312e-05, 'q_mark': 0.0798, 'tax_call': 'WATCHING', 'svd_deviation': 0.0031292088256052787, 'gravity_well': 0.9956483190762601, 'mesh_fold': 47.35744496748615, 'splash_impact': 0}"
2026-03-16 04:02:15.628331,A,BNB-USD,678.48,0.0242,"{'ticker': 'BNB-USD', 'short_tag': 'BNB', 'spot': 678.48, 'robust_z': np.float64(-0.16359940840764486), 'velocity': 0.43341064453125, 'acceleration': 0.793243408203125, 'q_mark': 0.0242, 'tax_call': 'WATCHING', 'svd_deviation': 0.00218424065427691, 'gravity_well': 0.9969531403743351, 'mesh_fold': 33.14051525290506, 'splash_impact': 0}"
2026-03-16 04:02:15.891191,A,ADA-USD,0.290186,0.0908,"{'ticker': 'ADA-USD', 'short_tag': 'ADA', 'spot': 0.290186, 'robust_z': np.float64(0.6347349010529647), 'velocity': -0.00010496377944946289, 'acceleration': -0.00012142956256866455, 'q_mark': 0.0908, 'tax_call': 'WATCHING', 'svd_deviation': 0.003548046138901795, 'gravity_well': 0.995085016247657, 'mesh_fold': 49.18298744474679, 'splash_impact': 0}"
2026-03-16 04:02:16.124977,A,LINK-USD,9.69,0.0077,"{'ticker': 'LINK-USD', 'short_tag': 'LINK', 'spot': 9.69, 'robust_z': np.float64(-0.05155811290107788), 'velocity': -0.000713348388671875, 'acceleration': 0.005731105804443359, 'q_mark': 0.0077, 'tax_call': 'WATCHING', 'svd_deviation': 0.003454667976959589, 'gravity_well': 0.9951888140481691, 'mesh_fold': 39.06457609706385, 'splash_impact': 0}"
2026-03-16 04:02:16.362427,A,LTC-USD,57.49,0.0938,"{'ticker': 'LTC-USD', 'short_tag': 'LTC', 'spot': 57.49, 'robust_z': np.float64(0.6569828672211177), 'velocity': 0.02167510986328125, 'acceleration': -0.035491943359375, 'q_mark': 0.0938, 'tax_call': 'WATCHING', 'svd_deviation': 0.002059009938273169, 'gravity_well': 0.9971181437844482, 'mesh_fold': 58.467099570692966, 'splash_impact': 0}"
2026-03-16 04:02:16.502094,A,ZEC-USD,233.81,0.4351,"{'ticker': 'ZEC-USD', 'short_tag': 'ZEC', 'spot': 233.81, 'robust_z': np.float64(0.5246323303963836), 'velocity': 0.3899210587103994, 'acceleration': 1.309312134512055, 'q_mark': 0.4351, 'tax_call': 'WATCHING', 'svd_deviation': 0.008305651351427775, 'gravity_well': 0.9885013589168615, 'mesh_fold': 22.62216981773433, 'splash_impact': 0}"
2026-03-16 04:02:46.958661,A,BTC-USD,73498,0.0234,"{'ticker': 'BTC-USD', 'short_tag': 'BTC', 'spot': 73498, 'robust_z': np.float64(-0.15814358077050683), 'velocity': -35.828125, 'acceleration': 5.5703125, 'q_mark': 0.0234, 'tax_call': 'WATCHING', 'svd_deviation': 0.0022119997256486125, 'gravity_well': 0.9969092435943782, 'mesh_fold': 41.6331385719121, 'splash_impact': 0}"
2026-03-16 04:02:47.170942,A,ETH-USD,2250.22,0.0004,"{'ticker': 'ETH-USD', 'short_tag': 'ETH', 'spot': 2250.22, 'robust_z': np.float64(-0.0029241672835544972), 'velocity': -0.66796875, 'acceleration': 2.0008544921875, 'q_mark': 0.0004, 'tax_call': 'WATCHING', 'svd_deviation': 0.0034025624485235313, 'gravity_well': 0.9952881436293433, 'mesh_fold': 36.32692208297737, 'splash_impact': 0}"
2026-03-16 04:02:47.699406,A,SOL-USD,93.55,0.0247,"{'ticker': 'SOL-USD', 'short_tag': 'SOL', 'spot': 93.55, 'robust_z': np.float64(0.16706983964811564), 'velocity': -0.01190948486328125, 'acceleration': -0.041553497314453125, 'q_mark': 0.0247, 'tax_call': 'WATCHING', 'svd_deviation': 0.00335121807298068, 'gravity_well': 0.9953535934250404, 'mesh_fold': 33.745327987664275, 'splash_impact': 0}"
2026-03-16 04:02:48.142642,A,XRP-USD,1.48,0.044,"{'ticker': 'XRP-USD', 'short_tag': 'XRP', 'spot': 1.48, 'robust_z': np.float64(0.2998937217845539), 'velocity': -0.0003452301025390625, 'acceleration': -0.0012584924697875977, 'q_mark': 0.044, 'tax_call': 'WATCHING', 'svd_deviation': 0.002846806443317314, 'gravity_well': 0.9960233310577165, 'mesh_fold': 42.06127720107535, 'splash_impact': 0}"
2026-03-16 04:02:48.376834,A,DOGE-USD,0.102302,0.0686,"{'ticker': 'DOGE-USD', 'short_tag': 'DOGE', 'spot': 0.102302, 'robust_z': np.float64(0.4740794962023073), 'velocity': -4.350394010543823e-05, 'acceleration': -5.2206218242645264e-05, 'q_mark': 0.0686, 'tax_call': 'WATCHING', 'svd_deviation': 0.0031281287177736534, 'gravity_well': 0.995650352996598, 'mesh_fold': 47.24100665662894, 'splash_impact': 0}"
2026-03-16 04:02:48.584233,A,BNB-USD,678.48,0.0261,"{'ticker': 'BNB-USD', 'short_tag': 'BNB', 'spot': 678.48, 'robust_z': np.float64(-0.17653221424851595), 'velocity': -0.0677490234375, 'acceleration': -0.250579833984375, 'q_mark': 0.0261, 'tax_call': 'WATCHING', 'svd_deviation': 0.0021769270122028333, 'gravity_well': 0.9969640180454635, 'mesh_fold': 33.10112203778606, 'splash_impact': 0}"
2026-03-16 04:02:48.808201,A,ADA-USD,0.290186,0.0905,"{'ticker': 'ADA-USD', 'short_tag': 'ADA', 'spot': 0.290186, 'robust_z': np.float64(0.6323631850634469), 'velocity': -0.00013902783393859863, 'acceleration': -0.00013846158981323242, 'q_mark': 0.0905, 'tax_call': 'WATCHING', 'svd_deviation': 0.0035487000301075364, 'gravity_well': 0.9950842574391875, 'mesh_fold': 49.158605069017455, 'splash_impact': 0}"
2026-03-16 04:02:49.078342,A,LINK-USD,9.69,0.0066,"{'ticker': 'LINK-USD', 'short_tag': 'LINK', 'spot': 9.69, 'robust_z': np.float64(-0.04410578045775819), 'velocity': 0.0013666152954101562, 'acceleration': 0.006771087646484375, 'q_mark': 0.0066, 'tax_call': 'WATCHING', 'svd_deviation': 0.0034546505012829124, 'gravity_well': 0.995188553072262, 'mesh_fold': 39.09439914449153, 'splash_impact': 0}"
2026-03-16 04:02:49.305671,A,LTC-USD,57.49,0.0862,"{'ticker': 'LTC-USD', 'short_tag': 'LTC', 'spot': 57.49, 'robust_z': np.float64(0.6012415832924867), 'velocity': -0.002841949462890625, 'acceleration': -0.012258529663085938, 'q_mark': 0.0862, 'tax_call': 'WATCHING', 'svd_deviation': 0.0020569718012219823, 'gravity_well': 0.9971209893701708, 'mesh_fold': 58.4125549617508, 'splash_impact': 0}"
2026-03-16 04:02:49.440857,A,ZEC-USD,233.81,0.4385,"{'ticker': 'ZEC-USD', 'short_tag': 'ZEC', 'spot': 233.81, 'robust_z': np.float64(0.5302905300151822), 'velocity': 0.46583012445265126, 'acceleration': 1.347266667383181, 'q_mark': 0.4385, 'tax_call': 'WATCHING', 'svd_deviation': 0.008306649439887072, 'gravity_well': 0.9884993396582549, 'mesh_fold': 22.509586088131456, 'splash_impact': 0}"
2026-03-16 04:09:35.973273,A,BTC-USD,73712,0.0049,"{'ticker': 'BTC-USD', 'short_tag': 'BTC', 'spot': 73712, 'robust_z': np.float64(0.03262540909400628), 'velocity': 180.4765625, 'acceleration': 113.72265625, 'q_mark': 0.0049, 'tax_call': 'WATCHING', 'svd_deviation': 0.0022404198596614753, 'gravity_well': 0.9968664220259713, 'mesh_fold': 42.25681671486312, 'splash_impact': 0.7432063073616679}"
2026-03-16 04:09:36.384496,A,ETH-USD,2257.59,0.0121,"{'ticker': 'ETH-USD', 'short_tag': 'ETH', 'spot': 2257.59, 'robust_z': np.float64(0.081392754846825), 'velocity': 5.663818359375, 'acceleration': 5.166748046875, 'q_mark': 0.0121, 'tax_call': 'WATCHING', 'svd_deviation': 0.003420514842983155, 'gravity_well': 0.9952564207596991, 'mesh_fold': 36.65515214689488, 'splash_impact': 1.336810341896293}"
2026-03-16 04:09:36.813234,A,SOL-USD,93.86,0.0431,"{'ticker': 'SOL-USD', 'short_tag': 'SOL', 'spot': 93.86, 'robust_z': np.float64(0.2939097903015369), 'velocity': 0.21372222900390625, 'acceleration': 0.07126235961914062, 'q_mark': 0.0431, 'tax_call': 'WATCHING', 'svd_deviation': 0.0033599965099423207, 'gravity_well': 0.9953409957680204, 'mesh_fold': 33.9838805769381, 'splash_impact': 0.5444243192725677}"
2026-03-16 04:09:37.056721,A,XRP-USD,1.49,0.0484,"{'ticker': 'XRP-USD', 'short_tag': 'XRP', 'spot': 1.49, 'robust_z': np.float64(0.3306334089284466), 'velocity': 0.0007433891296386719, 'acceleration': -0.0007141828536987305, 'q_mark': 0.0484, 'tax_call': 'WATCHING', 'svd_deviation': 0.0028456163671925386, 'gravity_well': 0.9960249996158603, 'mesh_fold': 42.17796536573105, 'splash_impact': 0.20750867432089282}"
2026-03-16 04:09:37.359261,A,DOGE-USD,0.102466,0.072,"{'ticker': 'DOGE-USD', 'short_tag': 'DOGE', 'spot': 0.102466, 'robust_z': np.float64(0.4984710217735706), 'velocity': 4.652887582778931e-05, 'acceleration': -7.189810276031494e-06, 'q_mark': 0.072, 'tax_call': 'WATCHING', 'svd_deviation': 0.003124623401626055, 'gravity_well': 0.9956550099315323, 'mesh_fold': 47.41137532005069, 'splash_impact': 0.1923751835043062}"
2026-03-16 04:09:37.625650,A,BNB-USD,680.27,0.0115,"{'ticker': 'BNB-USD', 'short_tag': 'BNB', 'spot': 680.27, 'robust_z': np.float64(-0.07696436958722272), 'velocity': 0.85101318359375, 'acceleration': 0.20880126953125, 'q_mark': 0.0115, 'tax_call': 'WATCHING', 'svd_deviation': 0.0021835115938079247, 'gravity_well': 0.9969542640460062, 'mesh_fold': 33.28566926101333, 'splash_impact': 0.3923265048629469}"
2026-03-16 04:09:38.078492,A,ADA-USD,0.291566,0.0972,"{'ticker': 'ADA-USD', 'short_tag': 'ADA', 'spot': 0.291566, 'robust_z': np.float64(0.6820155248264202), 'velocity': 0.0009869039058685303, 'acceleration': 0.00042450428009033203, 'q_mark': 0.0972, 'tax_call': 'WATCHING', 'svd_deviation': 0.003569001432195392, 'gravity_well': 0.9950522177375418, 'mesh_fold': 49.98610529571575, 'splash_impact': 5.979840176798437}"
2026-03-16 04:09:38.395296,A,LINK-USD,9.71,0.0005,"{'ticker': 'LINK-USD', 'short_tag': 'LINK', 'spot': 9.71, 'robust_z': np.float64(0.0033417611781598627), 'velocity': 0.017043113708496094, 'acceleration': 0.014609336853027344, 'q_mark': 0.0005, 'tax_call': 'WATCHING', 'svd_deviation': 0.003462633406981294, 'gravity_well': 0.9951755422239285, 'mesh_fold': 39.32217672611346, 'splash_impact': 0.5500144500099027}"
2026-03-16 04:09:38.618953,A,LTC-USD,57.54,0.0925,"{'ticker': 'LTC-USD', 'short_tag': 'LTC', 'spot': 57.54, 'robust_z': np.float64(0.6468994306249862), 'velocity': 0.04437255859375, 'acceleration': 0.011348724365234375, 'q_mark': 0.0925, 'tax_call': 'WATCHING', 'svd_deviation': 0.002055676841748262, 'gravity_well': 0.9971229410657465, 'mesh_fold': 58.693775503444044, 'splash_impact': 0.2650612954464755}"
2026-03-16 04:09:38.853696,A,ZEC-USD,234.72,0.0045,"{'ticker': 'ZEC-USD', 'short_tag': 'ZEC', 'spot': 234.72, 'robust_z': np.float64(0.013990214542978515), 'velocity': 0.107513427734375, 'acceleration': -0.30597686767578125, 'q_mark': 0.0045, 'tax_call': 'WATCHING', 'svd_deviation': 0.004804426604834117, 'gravity_well': 0.9933316419378161, 'mesh_fold': 36.502792658819914, 'splash_impact': 0.034819006714933154}"
2026-03-16 04:10:09.196574,A,BTC-USD,73712,0.0049,"{'ticker': 'BTC-USD', 'short_tag': 'BTC', 'spot': 73712, 'robust_z': np.float64(0.03262540909400628), 'velocity': 180.4765625, 'acceleration': 113.72265625, 'q_mark': 0.0049, 'tax_call': 'WATCHING', 'svd_deviation': 0.0022404198596614753, 'gravity_well': 0.9968664220259713, 'mesh_fold': 42.25681671486312, 'splash_impact': 0.7432063073616679}"
2026-03-16 04:10:09.414460,A,ETH-USD,2257.59,0.0121,"{'ticker': 'ETH-USD', 'short_tag': 'ETH', 'spot': 2257.59, 'robust_z': np.float64(0.081392754846825), 'velocity': 5.663818359375, 'acceleration': 5.166748046875, 'q_mark': 0.0121, 'tax_call': 'WATCHING', 'svd_deviation': 0.003420514842983155, 'gravity_well': 0.9952564207596991, 'mesh_fold': 36.65515214689488, 'splash_impact': 1.336810341896293}"
2026-03-16 04:10:09.645745,A,SOL-USD,93.86,0.0431,"{'ticker': 'SOL-USD', 'short_tag': 'SOL', 'spot': 93.86, 'robust_z': np.float64(0.2939097903015369), 'velocity': 0.21372222900390625, 'acceleration': 0.07126235961914062, 'q_mark': 0.0431, 'tax_call': 'WATCHING', 'svd_deviation': 0.0033599965099423207, 'gravity_well': 0.9953409957680204, 'mesh_fold': 33.9838805769381, 'splash_impact': 0.5444243192725677}"
2026-03-16 04:10:10.229914,A,XRP-USD,1.49,0.0484,"{'ticker': 'XRP-USD', 'short_tag': 'XRP', 'spot': 1.49, 'robust_z': np.float64(0.3306334089284466), 'velocity': 0.0007433891296386719, 'acceleration': -0.0007141828536987305, 'q_mark': 0.0484, 'tax_call': 'WATCHING', 'svd_deviation': 0.0028456163671925386, 'gravity_well': 0.9960249996158603, 'mesh_fold': 42.17796536573105, 'splash_impact': 0.20750867432089282}"
2026-03-16 04:10:10.548176,A,DOGE-USD,0.102466,0.072,"{'ticker': 'DOGE-USD', 'short_tag': 'DOGE', 'spot': 0.102466, 'robust_z': np.float64(0.4984710217735706), 'velocity': 4.652887582778931e-05, 'acceleration': -7.189810276031494e-06, 'q_mark': 0.072, 'tax_call': 'WATCHING', 'svd_deviation': 0.003124623401626055, 'gravity_well': 0.9956550099315323, 'mesh_fold': 47.41137532005069, 'splash_impact': 0.1923751835043062}"
2026-03-16 04:10:10.795153,A,BNB-USD,680.27,0.0115,"{'ticker': 'BNB-USD', 'short_tag': 'BNB', 'spot': 680.27, 'robust_z': np.float64(-0.07696436958722272), 'velocity': 0.85101318359375, 'acceleration': 0.20880126953125, 'q_mark': 0.0115, 'tax_call': 'WATCHING', 'svd_deviation': 0.0021835115938079247, 'gravity_well': 0.9969542640460062, 'mesh_fold': 33.28566926101333, 'splash_impact': 0.3923265048629469}"
2026-03-16 04:10:11.064447,A,ADA-USD,0.291566,0.0972,"{'ticker': 'ADA-USD', 'short_tag': 'ADA', 'spot': 0.291566, 'robust_z': np.float64(0.6820155248264202), 'velocity': 0.0009869039058685303, 'acceleration': 0.00042450428009033203, 'q_mark': 0.0972, 'tax_call': 'WATCHING', 'svd_deviation': 0.003569001432195392, 'gravity_well': 0.9950522177375418, 'mesh_fold': 49.98610529571575, 'splash_impact': 5.979840176798437}"
2026-03-16 04:10:11.308856,A,LINK-USD,9.71,0.0005,"{'ticker': 'LINK-USD', 'short_tag': 'LINK', 'spot': 9.71, 'robust_z': np.float64(0.0033417611781598627), 'velocity': 0.017043113708496094, 'acceleration': 0.014609336853027344, 'q_mark': 0.0005, 'tax_call': 'WATCHING', 'svd_deviation': 0.003462633406981294, 'gravity_well': 0.9951755422239285, 'mesh_fold': 39.32217672611346, 'splash_impact': 0.5500144500099027}"
2026-03-16 04:10:11.704598,A,LTC-USD,57.54,0.0925,"{'ticker': 'LTC-USD', 'short_tag': 'LTC', 'spot': 57.54, 'robust_z': np.float64(0.6468994306249862), 'velocity': 0.04437255859375, 'acceleration': 0.011348724365234375, 'q_mark': 0.0925, 'tax_call': 'WATCHING', 'svd_deviation': 0.002055676841748262, 'gravity_well': 0.9971229410657465, 'mesh_fold': 58.693775503444044, 'splash_impact': 0.2650612954464755}"
2026-03-16 04:10:12.011061,A,ZEC-USD,234.72,0.0045,"{'ticker': 'ZEC-USD', 'short_tag': 'ZEC', 'spot': 234.72, 'robust_z': np.float64(0.013990214542978515), 'velocity': 0.107513427734375, 'acceleration': -0.30597686767578125, 'q_mark': 0.0045, 'tax_call': 'WATCHING', 'svd_deviation': 0.004804426604834117, 'gravity_well': 0.9933316419378161, 'mesh_fold': 36.502792658819914, 'splash_impact': 0.034819006714933154}"
2026-03-16 04:10:42.382005,A,BTC-USD,73712,0.0113,"{'ticker': 'BTC-USD', 'short_tag': 'BTC', 'spot': 73712, 'robust_z': np.float64(0.07607926010714817), 'velocity': 228.9453125, 'acceleration': 137.95703125, 'q_mark': 0.0113, 'tax_call': 'WATCHING', 'svd_deviation': 0.002256415308657399, 'gravity_well': 0.996843853880535, 'mesh_fold': 42.40139184886906, 'splash_impact': 0.994064518351054}"
2026-03-16 04:10:42.646006,A,ETH-USD,2257.59,0.0187,"{'ticker': 'ETH-USD', 'short_tag': 'ETH', 'spot': 2257.59, 'robust_z': np.float64(0.12602062713327938), 'velocity': 8.83837890625, 'acceleration': 6.7540283203125, 'q_mark': 0.0187, 'tax_call': 'WATCHING', 'svd_deviation': 0.003446232546681083, 'gravity_well': 0.99521799079077, 'mesh_fold': 36.824577748497575, 'splash_impact': 2.1155111171518866}"
2026-03-16 04:10:42.896126,A,SOL-USD,93.86,0.0533,"{'ticker': 'SOL-USD', 'short_tag': 'SOL', 'spot': 93.86, 'robust_z': np.float64(0.3648353419332278), 'velocity': 0.3398895263671875, 'acceleration': 0.13434600830078125, 'q_mark': 0.0533, 'tax_call': 'WATCHING', 'svd_deviation': 0.0033792426923635412, 'gravity_well': 0.9953144234823201, 'mesh_fold': 34.120726234295105, 'splash_impact': 0.9120501822995309}"
2026-03-16 04:10:43.129206,A,XRP-USD,1.49,0.0494,"{'ticker': 'XRP-USD', 'short_tag': 'XRP', 'spot': 1.49, 'robust_z': np.float64(0.3377427189643535), 'velocity': 0.0009951591491699219, 'acceleration': -0.0005882978439331055, 'q_mark': 0.0494, 'tax_call': 'WATCHING', 'svd_deviation': 0.0028458510805575436, 'gravity_well': 0.9960246883749911, 'mesh_fold': 42.205125999412296, 'splash_impact': 0.28803797543095566}"
2026-03-16 04:10:43.383009,A,DOGE-USD,0.102466,0.0746,"{'ticker': 'DOGE-USD', 'short_tag': 'DOGE', 'spot': 0.102466, 'robust_z': np.float64(0.5170169781579439), 'velocity': 0.00011498481035232544, 'acceleration': 2.7038156986236572e-05, 'q_mark': 0.0746, 'tax_call': 'WATCHING', 'svd_deviation': 0.003125211964456492, 'gravity_well': 0.9956541018397487, 'mesh_fold': 47.5423188117242, 'splash_impact': 0.47539434536375313}"
2026-03-16 04:10:43.620965,A,BNB-USD,680.27,0.0092,"{'ticker': 'BNB-USD', 'short_tag': 'BNB', 'spot': 680.27, 'robust_z': np.float64(-0.0618158383092489), 'velocity': 1.110595703125, 'acceleration': 0.338592529296875, 'q_mark': 0.0092, 'tax_call': 'WATCHING', 'svd_deviation': 0.002188147369934848, 'gravity_well': 0.9969477151762313, 'mesh_fold': 33.338706776453776, 'splash_impact': 0.5187443732937056}"
2026-03-16 04:10:44.141694,A,ADA-USD,0.291566,0.1007,"{'ticker': 'ADA-USD', 'short_tag': 'ADA', 'spot': 0.291566, 'robust_z': np.float64(0.7078808260165973), 'velocity': 0.0014601051807403564, 'acceleration': 0.0006611049175262451, 'q_mark': 0.1007, 'tax_call': 'WATCHING', 'svd_deviation': 0.003603027412783004, 'gravity_well': 0.9950042575202999, 'mesh_fold': 50.34747548046397, 'splash_impact': 11.515964702365896}"
2026-03-16 04:10:44.404111,A,LINK-USD,9.71,0.0017,"{'ticker': 'LINK-USD', 'short_tag': 'LINK', 'spot': 9.71, 'robust_z': np.float64(0.011414267091659531), 'velocity': 0.020219802856445312, 'acceleration': 0.016197681427001953, 'q_mark': 0.0017, 'tax_call': 'WATCHING', 'svd_deviation': 0.003465991261799225, 'gravity_well': 0.9951705421112607, 'mesh_fold': 39.36898493862106, 'splash_impact': 0.8443509441015299}"
2026-03-16 04:10:44.818312,A,LTC-USD,57.54,0.095,"{'ticker': 'LTC-USD', 'short_tag': 'LTC', 'spot': 57.54, 'robust_z': np.float64(0.6656797570990716), 'velocity': 0.06379318237304688, 'acceleration': 0.021059036254882812, 'q_mark': 0.095, 'tax_call': 'WATCHING', 'svd_deviation': 0.0020569319679471015, 'gravity_well': 0.997121296174053, 'mesh_fold': 58.81059613974779, 'splash_impact': 0.40608592248611247}"
2026-03-16 04:10:45.037488,A,ZEC-USD,234.72,0.0383,"{'ticker': 'ZEC-USD', 'short_tag': 'ZEC', 'spot': 234.72, 'robust_z': np.float64(0.1211743986842028), 'velocity': 0.520416259765625, 'acceleration': -0.09952545166015625, 'q_mark': 0.0383, 'tax_call': 'WATCHING', 'svd_deviation': 0.004813373816542887, 'gravity_well': 0.9933199354513241, 'mesh_fold': 36.629354891488525, 'splash_impact': 0.16853292122693111}"
2026-03-16 04:11:15.429828,A,BTC-USD,73712,0.0113,"{'ticker': 'BTC-USD', 'short_tag': 'BTC', 'spot': 73712, 'robust_z': np.float64(0.07607926010714817), 'velocity': 228.9453125, 'acceleration': 137.95703125, 'q_mark': 0.0113, 'tax_call': 'WATCHING', 'svd_deviation': 0.002256415308657399, 'gravity_well': 0.996843853880535, 'mesh_fold': 42.40139184886906, 'splash_impact': 0.994064518351054}"
2026-03-16 04:11:15.735187,A,ETH-USD,2257.59,0.0187,"{'ticker': 'ETH-USD', 'short_tag': 'ETH', 'spot': 2257.59, 'robust_z': np.float64(0.12602062713327938), 'velocity': 8.83837890625, 'acceleration': 6.7540283203125, 'q_mark': 0.0187, 'tax_call': 'WATCHING', 'svd_deviation': 0.003446232546681083, 'gravity_well': 0.99521799079077, 'mesh_fold': 36.824577748497575, 'splash_impact': 2.1155111171518866}"
2026-03-16 04:11:16.042698,A,SOL-USD,93.86,0.0533,"{'ticker': 'SOL-USD', 'short_tag': 'SOL', 'spot': 93.86, 'robust_z': np.float64(0.3648353419332278), 'velocity': 0.3398895263671875, 'acceleration': 0.13434600830078125, 'q_mark': 0.0533, 'tax_call': 'WATCHING', 'svd_deviation': 0.0033792426923635412, 'gravity_well': 0.9953144234823201, 'mesh_fold': 34.120726234295105, 'splash_impact': 0.9120501822995309}"
2026-03-16 04:11:16.342506,A,XRP-USD,1.49,0.0494,"{'ticker': 'XRP-USD', 'short_tag': 'XRP', 'spot': 1.49, 'robust_z': np.float64(0.3377427189643535), 'velocity': 0.0009951591491699219, 'acceleration': -0.0005882978439331055, 'q_mark': 0.0494, 'tax_call': 'WATCHING', 'svd_deviation': 0.0028458510805575436, 'gravity_well': 0.9960246883749911, 'mesh_fold': 42.205125999412296, 'splash_impact': 0.28803797543095566}"
2026-03-16 04:11:16.591456,A,DOGE-USD,0.102466,0.0746,"{'ticker': 'DOGE-USD', 'short_tag': 'DOGE', 'spot': 0.102466, 'robust_z': np.float64(0.5170169781579439), 'velocity': 0.00011498481035232544, 'acceleration': 2.7038156986236572e-05, 'q_mark': 0.0746, 'tax_call': 'WATCHING', 'svd_deviation': 0.003125211964456492, 'gravity_well': 0.9956541018397487, 'mesh_fold': 47.5423188117242, 'splash_impact': 0.47539434536375313}"
2026-03-16 04:11:16.821645,A,BNB-USD,680.27,0.0092,"{'ticker': 'BNB-USD', 'short_tag': 'BNB', 'spot': 680.27, 'robust_z': np.float64(-0.0618158383092489), 'velocity': 1.110595703125, 'acceleration': 0.338592529296875, 'q_mark': 0.0092, 'tax_call': 'WATCHING', 'svd_deviation': 0.002188147369934848, 'gravity_well': 0.9969477151762313, 'mesh_fold': 33.338706776453776, 'splash_impact': 0.5187443732937056}"
2026-03-16 04:11:17.075004,A,ADA-USD,0.291566,0.1007,"{'ticker': 'ADA-USD', 'short_tag': 'ADA', 'spot': 0.291566, 'robust_z': np.float64(0.7078808260165973), 'velocity': 0.0014601051807403564, 'acceleration': 0.0006611049175262451, 'q_mark': 0.1007, 'tax_call': 'WATCHING', 'svd_deviation': 0.003603027412783004, 'gravity_well': 0.9950042575202999, 'mesh_fold': 50.34747548046397, 'splash_impact': 11.515964702365896}"
2026-03-16 04:11:17.328015,A,LINK-USD,9.71,0.0017,"{'ticker': 'LINK-USD', 'short_tag': 'LINK', 'spot': 9.71, 'robust_z': np.float64(0.011414267091659531), 'velocity': 0.020219802856445312, 'acceleration': 0.016197681427001953, 'q_mark': 0.0017, 'tax_call': 'WATCHING', 'svd_deviation': 0.003465991261799225, 'gravity_well': 0.9951705421112607, 'mesh_fold': 39.36898493862106, 'splash_impact': 0.8443509441015299}"
2026-03-16 04:11:17.610382,A,LTC-USD,57.54,0.095,"{'ticker': 'LTC-USD', 'short_tag': 'LTC', 'spot': 57.54, 'robust_z': np.float64(0.6656797570990716), 'velocity': 0.06379318237304688, 'acceleration': 0.021059036254882812, 'q_mark': 0.095, 'tax_call': 'WATCHING', 'svd_deviation': 0.0020569319679471015, 'gravity_well': 0.997121296174053, 'mesh_fold': 58.81059613974779, 'splash_impact': 0.40608592248611247}"
2026-03-16 04:11:18.122893,A,ZEC-USD,234.72,0.0383,"{'ticker': 'ZEC-USD', 'short_tag': 'ZEC', 'spot': 234.72, 'robust_z': np.float64(0.1211743986842028), 'velocity': 0.520416259765625, 'acceleration': -0.09952545166015625, 'q_mark': 0.0383, 'tax_call': 'WATCHING', 'svd_deviation': 0.004813373816542887, 'gravity_well': 0.9933199354513241, 'mesh_fold': 36.629354891488525, 'splash_impact': 0.16853292122693111}"
2026-03-16 04:11:48.495280,A,BTC-USD,73712,0.0113,"{'ticker': 'BTC-USD', 'short_tag': 'BTC', 'spot': 73712, 'robust_z': np.float64(0.07607926010714817), 'velocity': 228.9453125, 'acceleration': 137.95703125, 'q_mark': 0.0113, 'tax_call': 'WATCHING', 'svd_deviation': 0.002256415308657399, 'gravity_well': 0.996843853880535, 'mesh_fold': 42.40139184886906, 'splash_impact': 0.994064518351054}"
2026-03-16 04:11:49.044255,A,ETH-USD,2257.59,0.0167,"{'ticker': 'ETH-USD', 'short_tag': 'ETH', 'spot': 2257.59, 'robust_z': np.float64(0.11209651132414722), 'velocity': 7.847900390625, 'acceleration': 6.2587890625, 'q_mark': 0.0167, 'tax_call': 'WATCHING', 'svd_deviation': 0.003437028424803163, 'gravity_well': 0.995231553306455, 'mesh_fold': 36.771363468321454, 'splash_impact': 2.514036497955451}"
2026-03-16 04:11:49.273242,A,SOL-USD,93.86,0.0533,"{'ticker': 'SOL-USD', 'short_tag': 'SOL', 'spot': 93.86, 'robust_z': np.float64(0.3648353419332278), 'velocity': 0.3398895263671875, 'acceleration': 0.13434600830078125, 'q_mark': 0.0533, 'tax_call': 'WATCHING', 'svd_deviation': 0.0033792426923635412, 'gravity_well': 0.9953144234823201, 'mesh_fold': 34.120726234295105, 'splash_impact': 1.5675066981122299}"
2026-03-16 04:11:49.563521,A,XRP-USD,1.49,0.0506,"{'ticker': 'XRP-USD', 'short_tag': 'XRP', 'spot': 1.49, 'robust_z': np.float64(0.3459729571451263), 'velocity': 0.001286625862121582, 'acceleration': -0.0004425644874572754, 'q_mark': 0.0506, 'tax_call': 'WATCHING', 'svd_deviation': 0.0028463620030726527, 'gravity_well': 0.996024000907025, 'mesh_fold': 42.23665085972063, 'splash_impact': 0.548356033328403}"
2026-03-16 04:11:49.879678,A,DOGE-USD,0.102466,0.0774,"{'ticker': 'DOGE-USD', 'short_tag': 'DOGE', 'spot': 0.102466, 'robust_z': np.float64(0.5369011984825479), 'velocity': 0.00018838047981262207, 'acceleration': 6.373599171638489e-05, 'q_mark': 0.0774, 'tax_call': 'WATCHING', 'svd_deviation': 0.0031289636344900046, 'gravity_well': 0.9956488623763811, 'mesh_fold': 47.68407157099402, 'splash_impact': 0.7788172358427318}"
2026-03-16 04:11:50.162461,A,BNB-USD,680.27,0.0089,"{'ticker': 'BNB-USD', 'short_tag': 'BNB', 'spot': 680.27, 'robust_z': np.float64(-0.05956831344764498), 'velocity': 1.14910888671875, 'acceleration': 0.35784912109375, 'q_mark': 0.0089, 'tax_call': 'WATCHING', 'svd_deviation': 0.002188938519598294, 'gravity_well': 0.9969466028621505, 'mesh_fold': 33.34660962448129, 'splash_impact': 0.8359517660420853}"
2026-03-16 04:11:50.509077,A,ADA-USD,0.291566,0.1064,"{'ticker': 'ADA-USD', 'short_tag': 'ADA', 'spot': 0.291566, 'robust_z': np.float64(0.7501783903313783), 'velocity': 0.0020983517169952393, 'acceleration': 0.0009802281856536865, 'q_mark': 0.1064, 'tax_call': 'WATCHING', 'svd_deviation': 0.0036718836765318045, 'gravity_well': 0.9949093018767894, 'mesh_fold': 50.848053942304006, 'splash_impact': 19.28779907896841}"
2026-03-16 04:11:50.781598,A,LINK-USD,9.71,0.008,"{'ticker': 'LINK-USD', 'short_tag': 'LINK', 'spot': 9.71, 'robust_z': np.float64(0.053322959167457815), 'velocity': 0.03191661834716797, 'acceleration': 0.02204608917236328, 'q_mark': 0.008, 'tax_call': 'WATCHING', 'svd_deviation': 0.003483365086306439, 'gravity_well': 0.9951453669306294, 'mesh_fold': 39.54324970155289, 'splash_impact': 1.4799476832917131}"
2026-03-16 04:11:51.053874,A,LTC-USD,57.54,0.0961,"{'ticker': 'LTC-USD', 'short_tag': 'LTC', 'spot': 57.54, 'robust_z': np.float64(0.6737883877075387), 'velocity': 0.07345962524414062, 'acceleration': 0.025892257690429688, 'q_mark': 0.0961, 'tax_call': 'WATCHING', 'svd_deviation': 0.002057944545821836, 'gravity_well': 0.9971199472755803, 'mesh_fold': 58.86899369774406, 'splash_impact': 0.7256577336751855}"
2026-03-16 04:11:51.370196,A,ZEC-USD,234.72,0.0266,"{'ticker': 'ZEC-USD', 'short_tag': 'ZEC', 'spot': 234.72, 'robust_z': np.float64(0.08347269647840147), 'velocity': 0.37554931640625, 'acceleration': -0.17195892333984375, 'q_mark': 0.0266, 'tax_call': 'WATCHING', 'svd_deviation': 0.004808870646619906, 'gravity_well': 0.9933258979646407, 'mesh_fold': 36.58473584839039, 'splash_impact': 0.2850784606177889}"
2026-03-16 04:12:21.748679,A,BTC-USD,73712,0.0113,"{'ticker': 'BTC-USD', 'short_tag': 'BTC', 'spot': 73712, 'robust_z': np.float64(0.07607926010714817), 'velocity': 228.9453125, 'acceleration': 137.95703125, 'q_mark': 0.0113, 'tax_call': 'WATCHING', 'svd_deviation': 0.002256415308657399, 'gravity_well': 0.996843853880535, 'mesh_fold': 42.40139184886906, 'splash_impact': 0.994064518351054}"
2026-03-16 04:12:21.970789,A,ETH-USD,2257.59,0.0167,"{'ticker': 'ETH-USD', 'short_tag': 'ETH', 'spot': 2257.59, 'robust_z': np.float64(0.11209651132414722), 'velocity': 7.847900390625, 'acceleration': 6.2587890625, 'q_mark': 0.0167, 'tax_call': 'WATCHING', 'svd_deviation': 0.003437028424803163, 'gravity_well': 0.995231553306455, 'mesh_fold': 36.771363468321454, 'splash_impact': 2.514036497955451}"
2026-03-16 04:12:22.380741,A,SOL-USD,93.86,0.0533,"{'ticker': 'SOL-USD', 'short_tag': 'SOL', 'spot': 93.86, 'robust_z': np.float64(0.3648353419332278), 'velocity': 0.3398895263671875, 'acceleration': 0.13434600830078125, 'q_mark': 0.0533, 'tax_call': 'WATCHING', 'svd_deviation': 0.0033792426923635412, 'gravity_well': 0.9953144234823201, 'mesh_fold': 34.120726234295105, 'splash_impact': 1.5675066981122299}"
2026-03-16 04:12:22.641206,A,XRP-USD,1.49,0.0506,"{'ticker': 'XRP-USD', 'short_tag': 'XRP', 'spot': 1.49, 'robust_z': np.float64(0.3459729571451263), 'velocity': 0.001286625862121582, 'acceleration': -0.0004425644874572754, 'q_mark': 0.0506, 'tax_call': 'WATCHING', 'svd_deviation': 0.0028463620030726527, 'gravity_well': 0.996024000907025, 'mesh_fold': 42.23665085972063, 'splash_impact': 0.548356033328403}"
2026-03-16 04:12:22.882370,A,DOGE-USD,0.102466,0.0774,"{'ticker': 'DOGE-USD', 'short_tag': 'DOGE', 'spot': 0.102466, 'robust_z': np.float64(0.5369011984825479), 'velocity': 0.00018838047981262207, 'acceleration': 6.373599171638489e-05, 'q_mark': 0.0774, 'tax_call': 'WATCHING', 'svd_deviation': 0.0031289636344900046, 'gravity_well': 0.9956488623763811, 'mesh_fold': 47.68407157099402, 'splash_impact': 0.7788172358427318}"
2026-03-16 04:12:23.273396,A,BNB-USD,680.27,0.0089,"{'ticker': 'BNB-USD', 'short_tag': 'BNB', 'spot': 680.27, 'robust_z': np.float64(-0.05956831344764498), 'velocity': 1.14910888671875, 'acceleration': 0.35784912109375, 'q_mark': 0.0089, 'tax_call': 'WATCHING', 'svd_deviation': 0.002188938519598294, 'gravity_well': 0.9969466028621505, 'mesh_fold': 33.34660962448129, 'splash_impact': 0.8359517660420853}"
2026-03-16 04:12:23.578974,A,ADA-USD,0.291566,0.1064,"{'ticker': 'ADA-USD', 'short_tag': 'ADA', 'spot': 0.291566, 'robust_z': np.float64(0.7501783903313783), 'velocity': 0.0020983517169952393, 'acceleration': 0.0009802281856536865, 'q_mark': 0.1064, 'tax_call': 'WATCHING', 'svd_deviation': 0.0036718836765318045, 'gravity_well': 0.9949093018767894, 'mesh_fold': 50.848053942304006, 'splash_impact': 19.28779907896841}"
2026-03-16 04:12:23.987040,A,LINK-USD,9.71,0.008,"{'ticker': 'LINK-USD', 'short_tag': 'LINK', 'spot': 9.71, 'robust_z': np.float64(0.053322959167457815), 'velocity': 0.03191661834716797, 'acceleration': 0.02204608917236328, 'q_mark': 0.008, 'tax_call': 'WATCHING', 'svd_deviation': 0.003483365086306439, 'gravity_well': 0.9951453669306294, 'mesh_fold': 39.54324970155289, 'splash_impact': 1.4799476832917131}"
2026-03-16 04:12:24.378842,A,LTC-USD,57.54,0.0961,"{'ticker': 'LTC-USD', 'short_tag': 'LTC', 'spot': 57.54, 'robust_z': np.float64(0.6737883877075387), 'velocity': 0.07345962524414062, 'acceleration': 0.025892257690429688, 'q_mark': 0.0961, 'tax_call': 'WATCHING', 'svd_deviation': 0.002057944545821836, 'gravity_well': 0.9971199472755803, 'mesh_fold': 58.86899369774406, 'splash_impact': 0.7256577336751855}"
2026-03-16 04:12:24.798687,A,ZEC-USD,234.72,0.0266,"{'ticker': 'ZEC-USD', 'short_tag': 'ZEC', 'spot': 234.72, 'robust_z': np.float64(0.08347269647840147), 'velocity': 0.37554931640625, 'acceleration': -0.17195892333984375, 'q_mark': 0.0266, 'tax_call': 'WATCHING', 'svd_deviation': 0.004808870646619906, 'gravity_well': 0.9933258979646407, 'mesh_fold': 36.58473584839039, 'splash_impact': 0.2850784606177889}"
2026-03-16 04:12:55.070838,A,BTC-USD,73712,0.0113,"{'ticker': 'BTC-USD', 'short_tag': 'BTC', 'spot': 73712, 'robust_z': np.float64(0.07607926010714817), 'velocity': 228.9453125, 'acceleration': 137.95703125, 'q_mark': 0.0113, 'tax_call': 'WATCHING', 'svd_deviation': 0.002256415308657399, 'gravity_well': 0.996843853880535, 'mesh_fold': 42.40139184886906, 'splash_impact': 0.994064518351054}"
2026-03-16 04:12:55.604406,A,ETH-USD,2257.59,0.0167,"{'ticker': 'ETH-USD', 'short_tag': 'ETH', 'spot': 2257.59, 'robust_z': np.float64(0.11209651132414722), 'velocity': 7.847900390625, 'acceleration': 6.2587890625, 'q_mark': 0.0167, 'tax_call': 'WATCHING', 'svd_deviation': 0.003437028424803163, 'gravity_well': 0.995231553306455, 'mesh_fold': 36.771363468321454, 'splash_impact': 2.514036497955451}"
2026-03-16 04:12:55.833520,A,SOL-USD,93.86,0.0533,"{'ticker': 'SOL-USD', 'short_tag': 'SOL', 'spot': 93.86, 'robust_z': np.float64(0.3648353419332278), 'velocity': 0.3398895263671875, 'acceleration': 0.13434600830078125, 'q_mark': 0.0533, 'tax_call': 'WATCHING', 'svd_deviation': 0.0033792426923635412, 'gravity_well': 0.9953144234823201, 'mesh_fold': 34.120726234295105, 'splash_impact': 1.5675066981122299}"
2026-03-16 04:12:56.068800,A,XRP-USD,1.49,0.0506,"{'ticker': 'XRP-USD', 'short_tag': 'XRP', 'spot': 1.49, 'robust_z': np.float64(0.3459729571451263), 'velocity': 0.001286625862121582, 'acceleration': -0.0004425644874572754, 'q_mark': 0.0506, 'tax_call': 'WATCHING', 'svd_deviation': 0.0028463620030726527, 'gravity_well': 0.996024000907025, 'mesh_fold': 42.23665085972063, 'splash_impact': 0.548356033328403}"
2026-03-16 04:12:56.441092,A,DOGE-USD,0.102466,0.0774,"{'ticker': 'DOGE-USD', 'short_tag': 'DOGE', 'spot': 0.102466, 'robust_z': np.float64(0.5369011984825479), 'velocity': 0.00018838047981262207, 'acceleration': 6.373599171638489e-05, 'q_mark': 0.0774, 'tax_call': 'WATCHING', 'svd_deviation': 0.0031289636344900046, 'gravity_well': 0.9956488623763811, 'mesh_fold': 47.68407157099402, 'splash_impact': 0.7788172358427318}"
2026-03-16 04:12:56.716513,A,BNB-USD,680.27,0.0089,"{'ticker': 'BNB-USD', 'short_tag': 'BNB', 'spot': 680.27, 'robust_z': np.float64(-0.05956831344764498), 'velocity': 1.14910888671875, 'acceleration': 0.35784912109375, 'q_mark': 0.0089, 'tax_call': 'WATCHING', 'svd_deviation': 0.002188938519598294, 'gravity_well': 0.9969466028621505, 'mesh_fold': 33.34660962448129, 'splash_impact': 0.8359517660420853}"
2026-03-16 04:12:57.140357,A,ADA-USD,0.291566,0.1064,"{'ticker': 'ADA-USD', 'short_tag': 'ADA', 'spot': 0.291566, 'robust_z': np.float64(0.7501783903313783), 'velocity': 0.0020983517169952393, 'acceleration': 0.0009802281856536865, 'q_mark': 0.1064, 'tax_call': 'WATCHING', 'svd_deviation': 0.0036718836765318045, 'gravity_well': 0.9949093018767894, 'mesh_fold': 50.848053942304006, 'splash_impact': 19.28779907896841}"
2026-03-16 04:12:57.404729,A,LINK-USD,9.71,0.008,"{'ticker': 'LINK-USD', 'short_tag': 'LINK', 'spot': 9.71, 'robust_z': np.float64(0.053322959167457815), 'velocity': 0.03191661834716797, 'acceleration': 0.02204608917236328, 'q_mark': 0.008, 'tax_call': 'WATCHING', 'svd_deviation': 0.003483365086306439, 'gravity_well': 0.9951453669306294, 'mesh_fold': 39.54324970155289, 'splash_impact': 1.4799476832917131}"
2026-03-16 04:12:57.686953,A,LTC-USD,57.54,0.0961,"{'ticker': 'LTC-USD', 'short_tag': 'LTC', 'spot': 57.54, 'robust_z': np.float64(0.6737883877075387), 'velocity': 0.07345962524414062, 'acceleration': 0.025892257690429688, 'q_mark': 0.0961, 'tax_call': 'WATCHING', 'svd_deviation': 0.002057944545821836, 'gravity_well': 0.9971199472755803, 'mesh_fold': 58.86899369774406, 'splash_impact': 0.7256577336751855}"
2026-03-16 04:12:57.931167,A,ZEC-USD,234.72,0.0266,"{'ticker': 'ZEC-USD', 'short_tag': 'ZEC', 'spot': 234.72, 'robust_z': np.float64(0.08347269647840147), 'velocity': 0.37554931640625, 'acceleration': -0.17195892333984375, 'q_mark': 0.0266, 'tax_call': 'WATCHING', 'svd_deviation': 0.004808870646619906, 'gravity_well': 0.9933258979646407, 'mesh_fold': 36.58473584839039, 'splash_impact': 0.2850784606177889}"
2026-03-16 04:13:28.254603,A,BTC-USD,73712,0.0065,"{'ticker': 'BTC-USD', 'short_tag': 'BTC', 'spot': 73712, 'robust_z': np.float64(0.04359393434974133), 'velocity': 192.7109375, 'acceleration': 119.83984375, 'q_mark': 0.0065, 'tax_call': 'WATCHING', 'svd_deviation': 0.002244132855390802, 'gravity_well': 0.9968611565007653, 'mesh_fold': 42.29314082829554, 'splash_impact': 0.9520396822096703}"
2026-03-16 04:13:28.733427,A,ETH-USD,2257.59,0.0163,"{'ticker': 'ETH-USD', 'short_tag': 'ETH', 'spot': 2257.59, 'robust_z': np.float64(0.10960822343614603), 'velocity': 7.6708984375, 'acceleration': 6.1702880859375, 'q_mark': 0.0163, 'tax_call': 'WATCHING', 'svd_deviation': 0.003435495785014484, 'gravity_well': 0.99523382806674, 'mesh_fold': 36.761887673975416, 'splash_impact': 2.597260754875297}"
2026-03-16 04:13:28.964146,A,SOL-USD,93.86,0.0514,"{'ticker': 'SOL-USD', 'short_tag': 'SOL', 'spot': 93.86, 'robust_z': np.float64(0.35186141717747615), 'velocity': 0.31681060791015625, 'acceleration': 0.12280654907226562, 'q_mark': 0.0514, 'tax_call': 'WATCHING', 'svd_deviation': 0.003374962135439872, 'gravity_well': 0.9953203115572056, 'mesh_fold': 34.095507019008636, 'splash_impact': 1.5429503823322248}"
2026-03-16 04:13:29.245213,A,XRP-USD,1.49,0.0506,"{'ticker': 'XRP-USD', 'short_tag': 'XRP', 'spot': 1.49, 'robust_z': np.float64(0.3459729571451263), 'velocity': 0.001286625862121582, 'acceleration': -0.0004425644874572754, 'q_mark': 0.0506, 'tax_call': 'WATCHING', 'svd_deviation': 0.0028463620030726527, 'gravity_well': 0.996024000907025, 'mesh_fold': 42.23665085972063, 'splash_impact': 0.6144398946917379}"
2026-03-16 04:13:29.478539,A,DOGE-USD,0.102466,0.0891,"{'ticker': 'DOGE-USD', 'short_tag': 'DOGE', 'spot': 0.102466, 'robust_z': np.float64(0.6221564836160672), 'velocity': 0.0005030706524848938, 'acceleration': 0.00022108107805252075, 'q_mark': 0.0891, 'tax_call': 'WATCHING', 'svd_deviation': 0.003181184843710528, 'gravity_well': 0.9955774464271283, 'mesh_fold': 48.308102531198266, 'splash_impact': 2.3092753029232225}"
2026-03-16 04:13:29.866590,A,BNB-USD,680.27,0.0011,"{'ticker': 'BNB-USD', 'short_tag': 'BNB', 'spot': 680.27, 'robust_z': np.float64(-0.007511933332999478), 'velocity': 2.0411376953125, 'acceleration': 0.803863525390625, 'q_mark': 0.0011, 'tax_call': 'WATCHING', 'svd_deviation': 0.002214641366404115, 'gravity_well': 0.9969108719801453, 'mesh_fold': 33.5321204381606, 'splash_impact': 1.5381828488135594}"
2026-03-16 04:13:30.094619,A,ADA-USD,0.291566,0.106,"{'ticker': 'ADA-USD', 'short_tag': 'ADA', 'spot': 0.291566, 'robust_z': np.float64(0.746696385947415), 'velocity': 0.0020458102226257324, 'acceleration': 0.0009539574384689331, 'q_mark': 0.106, 'tax_call': 'WATCHING', 'svd_deviation': 0.0036652479578622643, 'gravity_well': 0.9949183698233321, 'mesh_fold': 50.806265265831065, 'splash_impact': 25.186960384260217}"
2026-03-16 04:13:30.324072,A,LINK-USD,9.71,0.0084,"{'ticker': 'LINK-USD', 'short_tag': 'LINK', 'spot': 9.71, 'robust_z': np.float64(0.05629227457013769), 'velocity': 0.032745361328125, 'acceleration': 0.022460460662841797, 'q_mark': 0.0084, 'tax_call': 'WATCHING', 'svd_deviation': 0.003484893008386963, 'gravity_well': 0.995143184068342, 'mesh_fold': 39.55571153319178, 'splash_impact': 2.308415080285436}"
2026-03-16 04:13:30.563567,A,LTC-USD,57.54,0.1091,"{'ticker': 'LTC-USD', 'short_tag': 'LTC', 'spot': 57.54, 'robust_z': np.float64(0.7703490329855515), 'velocity': 0.1909027099609375, 'acceleration': 0.08461380004882812, 'q_mark': 0.1091, 'tax_call': 'WATCHING', 'svd_deviation': 0.00209058797425866, 'gravity_well': 0.9970760212398428, 'mesh_fold': 59.59203278961558, 'splash_impact': 2.0438121702674255}"
2026-03-16 04:13:30.793264,A,ZEC-USD,234.72,0.0426,"{'ticker': 'ZEC-USD', 'short_tag': 'ZEC', 'spot': 234.72, 'robust_z': np.float64(0.13482309791333055), 'velocity': 0.5728607177734375, 'acceleration': -0.07330322265625, 'q_mark': 0.0426, 'tax_call': 'WATCHING', 'svd_deviation': 0.004815366564079408, 'gravity_well': 0.9933172843419389, 'mesh_fold': 36.64556522704826, 'splash_impact': 0.43484754341700466}"
2026-03-16 04:14:01.196318,A,BTC-USD,73712,0.0065,"{'ticker': 'BTC-USD', 'short_tag': 'BTC', 'spot': 73712, 'robust_z': np.float64(0.04359393434974133), 'velocity': 192.7109375, 'acceleration': 119.83984375, 'q_mark': 0.0065, 'tax_call': 'WATCHING', 'svd_deviation': 0.002244132855390802, 'gravity_well': 0.9968611565007653, 'mesh_fold': 42.29314082829554, 'splash_impact': 0.9520396822096703}"
2026-03-16 04:14:01.544886,A,ETH-USD,2257.59,0.0163,"{'ticker': 'ETH-USD', 'short_tag': 'ETH', 'spot': 2257.59, 'robust_z': np.float64(0.10960822343614603), 'velocity': 7.6708984375, 'acceleration': 6.1702880859375, 'q_mark': 0.0163, 'tax_call': 'WATCHING', 'svd_deviation': 0.003435495785014484, 'gravity_well': 0.99523382806674, 'mesh_fold': 36.761887673975416, 'splash_impact': 2.597260754875297}"
2026-03-16 04:14:01.947600,A,SOL-USD,93.86,0.0514,"{'ticker': 'SOL-USD', 'short_tag': 'SOL', 'spot': 93.86, 'robust_z': np.float64(0.35186141717747615), 'velocity': 0.31681060791015625, 'acceleration': 0.12280654907226562, 'q_mark': 0.0514, 'tax_call': 'WATCHING', 'svd_deviation': 0.003374962135439872, 'gravity_well': 0.9953203115572056, 'mesh_fold': 34.095507019008636, 'splash_impact': 1.5429503823322248}"
2026-03-16 04:14:02.322929,A,XRP-USD,1.49,0.0572,"{'ticker': 'XRP-USD', 'short_tag': 'XRP', 'spot': 1.49, 'robust_z': np.float64(0.39261770580400956), 'velocity': 0.002938508987426758, 'acceleration': 0.0003833770751953125, 'q_mark': 0.0572, 'tax_call': 'WATCHING', 'svd_deviation': 0.002854096550834913, 'gravity_well': 0.9960134918750714, 'mesh_fold': 42.416985183545904, 'splash_impact': 1.4032397038414754}"
2026-03-16 04:14:02.759718,A,DOGE-USD,0.102466,0.0891,"{'ticker': 'DOGE-USD', 'short_tag': 'DOGE', 'spot': 0.102466, 'robust_z': np.float64(0.6221564836160672), 'velocity': 0.0005030706524848938, 'acceleration': 0.00022108107805252075, 'q_mark': 0.0891, 'tax_call': 'WATCHING', 'svd_deviation': 0.003181184843710528, 'gravity_well': 0.9955774464271283, 'mesh_fold': 48.308102531198266, 'splash_impact': 2.3092753029232225}"
2026-03-16 04:14:03.121499,A,BNB-USD,680.27,0.0011,"{'ticker': 'BNB-USD', 'short_tag': 'BNB', 'spot': 680.27, 'robust_z': np.float64(-0.007511933332999478), 'velocity': 2.0411376953125, 'acceleration': 0.803863525390625, 'q_mark': 0.0011, 'tax_call': 'WATCHING', 'svd_deviation': 0.002214641366404115, 'gravity_well': 0.9969108719801453, 'mesh_fold': 33.5321204381606, 'splash_impact': 1.5381828488135594}"
2026-03-16 04:14:03.429366,A,ADA-USD,0.291566,0.106,"{'ticker': 'ADA-USD', 'short_tag': 'ADA', 'spot': 0.291566, 'robust_z': np.float64(0.746696385947415), 'velocity': 0.0020458102226257324, 'acceleration': 0.0009539574384689331, 'q_mark': 0.106, 'tax_call': 'WATCHING', 'svd_deviation': 0.0036652479578622643, 'gravity_well': 0.9949183698233321, 'mesh_fold': 50.806265265831065, 'splash_impact': 25.186960384260217}"
2026-03-16 04:14:03.783331,A,LINK-USD,9.71,0.0084,"{'ticker': 'LINK-USD', 'short_tag': 'LINK', 'spot': 9.71, 'robust_z': np.float64(0.05629227457013769), 'velocity': 0.032745361328125, 'acceleration': 0.022460460662841797, 'q_mark': 0.0084, 'tax_call': 'WATCHING', 'svd_deviation': 0.003484893008386963, 'gravity_well': 0.995143184068342, 'mesh_fold': 39.55571153319178, 'splash_impact': 2.308415080285436}"
2026-03-16 04:14:04.025768,A,LTC-USD,57.54,0.1091,"{'ticker': 'LTC-USD', 'short_tag': 'LTC', 'spot': 57.54, 'robust_z': np.float64(0.7703490329855515), 'velocity': 0.1909027099609375, 'acceleration': 0.08461380004882812, 'q_mark': 0.1091, 'tax_call': 'WATCHING', 'svd_deviation': 0.00209058797425866, 'gravity_well': 0.9970760212398428, 'mesh_fold': 59.59203278961558, 'splash_impact': 2.0438121702674255}"
2026-03-16 04:14:04.278415,A,ZEC-USD,234.72,0.0426,"{'ticker': 'ZEC-USD', 'short_tag': 'ZEC', 'spot': 234.72, 'robust_z': np.float64(0.13482309791333055), 'velocity': 0.5728607177734375, 'acceleration': -0.07330322265625, 'q_mark': 0.0426, 'tax_call': 'WATCHING', 'svd_deviation': 0.004815366564079408, 'gravity_well': 0.9933172843419389, 'mesh_fold': 36.64556522704826, 'splash_impact': 0.43484754341700466}"
2026-03-16 04:14:34.835005,A,BTC-USD,73712,0.0165,"{'ticker': 'BTC-USD', 'short_tag': 'BTC', 'spot': 73712, 'robust_z': np.float64(0.11081292341697582), 'velocity': 267.6875, 'acceleration': 157.328125, 'q_mark': 0.0165, 'tax_call': 'WATCHING', 'svd_deviation': 0.0022716458082954957, 'gravity_well': 0.9968225895941123, 'mesh_fold': 42.51825045274585, 'splash_impact': 2.3236727552786527}"
2026-03-16 04:14:35.200269,A,ETH-USD,2257.59,0.0188,"{'ticker': 'ETH-USD', 'short_tag': 'ETH', 'spot': 2257.59, 'robust_z': np.float64(0.1266692980447721), 'velocity': 8.884521484375, 'acceleration': 6.777099609375, 'q_mark': 0.0188, 'tax_call': 'WATCHING', 'svd_deviation': 0.003446687209619944, 'gravity_well': 0.9952173246908574, 'mesh_fold': 36.82706462975685, 'splash_impact': 3.008102282281581}"
2026-03-16 04:14:35.416390,A,SOL-USD,93.86,0.0517,"{'ticker': 'SOL-USD', 'short_tag': 'SOL', 'spot': 93.86, 'robust_z': np.float64(0.3540573343592761), 'velocity': 0.32071685791015625, 'acceleration': 0.12475967407226562, 'q_mark': 0.0517, 'tax_call': 'WATCHING', 'svd_deviation': 0.003375662850008774, 'gravity_well': 0.9953193470156271, 'mesh_fold': 34.09976962240952, 'splash_impact': 2.451844536252823}"
2026-03-16 04:14:35.639133,A,XRP-USD,1.49,0.0569,"{'ticker': 'XRP-USD', 'short_tag': 'XRP', 'spot': 1.49, 'robust_z': np.float64(0.3903623849119368), 'velocity': 0.0028586387634277344, 'acceleration': 0.0003434419631958008, 'q_mark': 0.0569, 'tax_call': 'WATCHING', 'svd_deviation': 0.00285353387339059, 'gravity_well': 0.9960142575072962, 'mesh_fold': 42.40820030178896, 'splash_impact': 1.9234797458591126}"
2026-03-16 04:14:35.880556,A,DOGE-USD,0.102466,0.0883,"{'ticker': 'DOGE-USD', 'short_tag': 'DOGE', 'spot': 0.102466, 'robust_z': np.float64(0.6166580960245313), 'velocity': 0.0004827752709388733, 'acceleration': 0.0002109333872795105, 'q_mark': 0.0883, 'tax_call': 'WATCHING', 'svd_deviation': 0.0031760804982081466, 'gravity_well': 0.9955843750221264, 'mesh_fold': 48.26704975242464, 'splash_impact': 3.1344905104768253}"
2026-03-16 04:14:36.270397,A,BNB-USD,680.27,0.0007,"{'ticker': 'BNB-USD', 'short_tag': 'BNB', 'spot': 680.27, 'robust_z': np.float64(-0.004601905104900581), 'velocity': 2.09100341796875, 'acceleration': 0.82879638671875, 'q_mark': 0.0007, 'tax_call': 'WATCHING', 'svd_deviation': 0.0022164903374352306, 'gravity_well': 0.9969083221484881, 'mesh_fold': 33.542631218904766, 'splash_impact': 2.686097795616242}"
2026-03-16 04:14:36.554332,A,ADA-USD,0.291566,0.1064,"{'ticker': 'ADA-USD', 'short_tag': 'ADA', 'spot': 0.291566, 'robust_z': np.float64(0.7502257914120449), 'velocity': 0.002099066972732544, 'acceleration': 0.0009805858135223389, 'q_mark': 0.1064, 'tax_call': 'WATCHING', 'svd_deviation': 0.0036719751824946566, 'gravity_well': 0.9949091769363912, 'mesh_fold': 50.848623543267564, 'splash_impact': 26.618271509515274}"
2026-03-16 04:14:36.899295,A,LINK-USD,9.71,0.0065,"{'ticker': 'LINK-USD', 'short_tag': 'LINK', 'spot': 9.71, 'robust_z': np.float64(0.04358128113173821), 'velocity': 0.02919769287109375, 'acceleration': 0.020686626434326172, 'q_mark': 0.0065, 'tax_call': 'WATCHING', 'svd_deviation': 0.0034786270727894353, 'gravity_well': 0.9951521601580335, 'mesh_fold': 39.50247218989456, 'splash_impact': 2.1558329324317587}"
2026-03-16 04:14:37.126019,A,LTC-USD,57.54,0.108,"{'ticker': 'LTC-USD', 'short_tag': 'LTC', 'spot': 57.54, 'robust_z': np.float64(0.7618626514354556), 'velocity': 0.18191909790039062, 'acceleration': 0.08012199401855469, 'q_mark': 0.108, 'tax_call': 'WATCHING', 'svd_deviation': 0.002086783372857489, 'gravity_well': 0.9970811313376146, 'mesh_fold': 59.535831034161525, 'splash_impact': 3.324870433287552}"
2026-03-16 04:14:37.353319,A,ZEC-USD,234.72,0.0452,"{'ticker': 'ZEC-USD', 'short_tag': 'ZEC', 'spot': 234.72, 'robust_z': np.float64(0.14328552970188782), 'velocity': 0.605377197265625, 'acceleration': -0.05704498291015625, 'q_mark': 0.0452, 'tax_call': 'WATCHING', 'svd_deviation': 0.004816698715042372, 'gravity_well': 0.9933155094425947, 'mesh_fold': 36.65563128054298, 'splash_impact': 0.5664060999375747}"
2026-03-16 04:15:07.747821,A,BTC-USD,73712,0.0165,"{'ticker': 'BTC-USD', 'short_tag': 'BTC', 'spot': 73712, 'robust_z': np.float64(0.11081292341697582), 'velocity': 267.6875, 'acceleration': 157.328125, 'q_mark': 0.0165, 'tax_call': 'WATCHING', 'svd_deviation': 0.0022716458082954957, 'gravity_well': 0.9968225895941123, 'mesh_fold': 42.51825045274585, 'splash_impact': 2.3236727552786527}"
2026-03-16 04:15:08.243366,A,ETH-USD,2257.59,0.0188,"{'ticker': 'ETH-USD', 'short_tag': 'ETH', 'spot': 2257.59, 'robust_z': np.float64(0.1266692980447721), 'velocity': 8.884521484375, 'acceleration': 6.777099609375, 'q_mark': 0.0188, 'tax_call': 'WATCHING', 'svd_deviation': 0.003446687209619944, 'gravity_well': 0.9952173246908574, 'mesh_fold': 36.82706462975685, 'splash_impact': 3.008102282281581}"
2026-03-16 04:15:08.627547,A,SOL-USD,93.86,0.0517,"{'ticker': 'SOL-USD', 'short_tag': 'SOL', 'spot': 93.86, 'robust_z': np.float64(0.3540573343592761), 'velocity': 0.32071685791015625, 'acceleration': 0.12475967407226562, 'q_mark': 0.0517, 'tax_call': 'WATCHING', 'svd_deviation': 0.003375662850008774, 'gravity_well': 0.9953193470156271, 'mesh_fold': 34.09976962240952, 'splash_impact': 2.451844536252823}"
2026-03-16 04:15:08.845677,A,XRP-USD,1.49,0.0569,"{'ticker': 'XRP-USD', 'short_tag': 'XRP', 'spot': 1.49, 'robust_z': np.float64(0.3903623849119368), 'velocity': 0.0028586387634277344, 'acceleration': 0.0003434419631958008, 'q_mark': 0.0569, 'tax_call': 'WATCHING', 'svd_deviation': 0.00285353387339059, 'gravity_well': 0.9960142575072962, 'mesh_fold': 42.40820030178896, 'splash_impact': 1.9234797458591126}"
2026-03-16 04:15:09.096431,A,DOGE-USD,0.102466,0.0883,"{'ticker': 'DOGE-USD', 'short_tag': 'DOGE', 'spot': 0.102466, 'robust_z': np.float64(0.6166580960245313), 'velocity': 0.0004827752709388733, 'acceleration': 0.0002109333872795105, 'q_mark': 0.0883, 'tax_call': 'WATCHING', 'svd_deviation': 0.0031760804982081466, 'gravity_well': 0.9955843750221264, 'mesh_fold': 48.26704975242464, 'splash_impact': 3.1344905104768253}"
2026-03-16 04:15:09.329305,A,BNB-USD,680.27,0.0007,"{'ticker': 'BNB-USD', 'short_tag': 'BNB', 'spot': 680.27, 'robust_z': np.float64(-0.004601905104900581), 'velocity': 2.09100341796875, 'acceleration': 0.82879638671875, 'q_mark': 0.0007, 'tax_call': 'WATCHING', 'svd_deviation': 0.0022164903374352306, 'gravity_well': 0.9969083221484881, 'mesh_fold': 33.542631218904766, 'splash_impact': 2.686097795616242}"
2026-03-16 04:15:09.564871,A,ADA-USD,0.291566,0.1064,"{'ticker': 'ADA-USD', 'short_tag': 'ADA', 'spot': 0.291566, 'robust_z': np.float64(0.7502257914120449), 'velocity': 0.002099066972732544, 'acceleration': 0.0009805858135223389, 'q_mark': 0.1064, 'tax_call': 'WATCHING', 'svd_deviation': 0.0036719751824946566, 'gravity_well': 0.9949091769363912, 'mesh_fold': 50.848623543267564, 'splash_impact': 26.618271509515274}"
2026-03-16 04:15:09.820904,A,LINK-USD,9.71,0.0065,"{'ticker': 'LINK-USD', 'short_tag': 'LINK', 'spot': 9.71, 'robust_z': np.float64(0.04358128113173821), 'velocity': 0.02919769287109375, 'acceleration': 0.020686626434326172, 'q_mark': 0.0065, 'tax_call': 'WATCHING', 'svd_deviation': 0.0034786270727894353, 'gravity_well': 0.9951521601580335, 'mesh_fold': 39.50247218989456, 'splash_impact': 2.1558329324317587}"
2026-03-16 04:15:10.072374,A,LTC-USD,57.54,0.108,"{'ticker': 'LTC-USD', 'short_tag': 'LTC', 'spot': 57.54, 'robust_z': np.float64(0.7618626514354556), 'velocity': 0.18191909790039062, 'acceleration': 0.08012199401855469, 'q_mark': 0.108, 'tax_call': 'WATCHING', 'svd_deviation': 0.002086783372857489, 'gravity_well': 0.9970811313376146, 'mesh_fold': 59.535831034161525, 'splash_impact': 3.324870433287552}"
2026-03-16 04:15:10.597782,A,ZEC-USD,234.72,0.0452,"{'ticker': 'ZEC-USD', 'short_tag': 'ZEC', 'spot': 234.72, 'robust_z': np.float64(0.14328552970188782), 'velocity': 0.605377197265625, 'acceleration': -0.05704498291015625, 'q_mark': 0.0452, 'tax_call': 'WATCHING', 'svd_deviation': 0.004816698715042372, 'gravity_well': 0.9933155094425947, 'mesh_fold': 36.65563128054298, 'splash_impact': 0.5664060999375747}"
2026-03-16 04:15:40.867453,A,BTC-USD,73712,0.009,"{'ticker': 'BTC-USD', 'short_tag': 'BTC', 'spot': 73712, 'robust_z': np.float64(0.06051600141095197), 'velocity': 211.5859375, 'acceleration': 129.27734375, 'q_mark': 0.009, 'tax_call': 'WATCHING', 'svd_deviation': 0.0022502921763552313, 'gravity_well': 0.9968524596160131, 'mesh_fold': 42.349404978665895, 'splash_impact': 1.8735809930738019}"
2026-03-16 04:15:41.256411,A,ETH-USD,2257.59,0.0146,"{'ticker': 'ETH-USD', 'short_tag': 'ETH', 'spot': 2257.59, 'robust_z': np.float64(0.09791498642315287), 'velocity': 6.839111328125, 'acceleration': 5.75439453125, 'q_mark': 0.0146, 'tax_call': 'WATCHING', 'svd_deviation': 0.0034287512329570103, 'gravity_well': 0.9952439079096166, 'mesh_fold': 36.71749476621464, 'splash_impact': 2.327734045581167}"
2026-03-16 04:15:41.635614,A,SOL-USD,93.86,0.0504,"{'ticker': 'SOL-USD', 'short_tag': 'SOL', 'spot': 93.86, 'robust_z': np.float64(0.3449477091754029), 'velocity': 0.30451202392578125, 'acceleration': 0.11665725708007812, 'q_mark': 0.0504, 'tax_call': 'WATCHING', 'svd_deviation': 0.0033728194239732653, 'gravity_well': 0.9953232627894754, 'mesh_fold': 34.082102175543184, 'splash_impact': 2.3420772323938386}"
2026-03-16 04:15:41.965374,A,XRP-USD,1.49,0.059,"{'ticker': 'XRP-USD', 'short_tag': 'XRP', 'spot': 1.49, 'robust_z': np.float64(0.4053686842206834), 'velocity': 0.003390073776245117, 'acceleration': 0.0006091594696044922, 'q_mark': 0.059, 'tax_call': 'WATCHING', 'svd_deviation': 0.0028576367778824466, 'gravity_well': 0.9960086745687934, 'mesh_fold': 42.4667784699744, 'splash_impact': 2.3410208744182293}"
2026-03-16 04:15:42.405280,A,DOGE-USD,0.102466,0.0872,"{'ticker': 'DOGE-USD', 'short_tag': 'DOGE', 'spot': 0.102466, 'robust_z': np.float64(0.6079220382065548), 'velocity': 0.00045052915811538696, 'acceleration': 0.00019481033086776733, 'q_mark': 0.0872, 'tax_call': 'WATCHING', 'svd_deviation': 0.0031684546463440566, 'gravity_well': 0.9955947434797514, 'mesh_fold': 48.202054715202586, 'splash_impact': 3.035127347858008}"
2026-03-16 04:15:42.754867,A,BNB-USD,680.27,0.0004,"{'ticker': 'BNB-USD', 'short_tag': 'BNB', 'spot': 680.27, 'robust_z': np.float64(0.0025680910066821355), 'velocity': 2.2138671875, 'acceleration': 0.890228271484375, 'q_mark': 0.0004, 'tax_call': 'WATCHING', 'svd_deviation': 0.0022212292044332623, 'gravity_well': 0.9969017965443645, 'mesh_fold': 33.56859251470233, 'splash_impact': 2.932554721143737}"
2026-03-16 04:15:43.131794,A,ADA-USD,0.291566,0.1062,"{'ticker': 'ADA-USD', 'short_tag': 'ADA', 'spot': 0.291566, 'robust_z': np.float64(0.7481342187276335), 'velocity': 0.0020675063133239746, 'acceleration': 0.0009648054838180542, 'q_mark': 0.1062, 'tax_call': 'WATCHING', 'svd_deviation': 0.0036679674336219915, 'gravity_well': 0.99491465172023, 'mesh_fold': 50.82350843642355, 'splash_impact': 30.301588611554873}"
2026-03-16 04:15:43.354062,A,LINK-USD,9.71,0.0054,"{'ticker': 'LINK-USD', 'short_tag': 'LINK', 'spot': 9.71, 'robust_z': np.float64(0.035954685068698526), 'velocity': 0.027069091796875, 'acceleration': 0.019622325897216797, 'q_mark': 0.0054, 'tax_call': 'WATCHING', 'svd_deviation': 0.0034752125235381266, 'gravity_well': 0.9951570826346665, 'mesh_fold': 39.47066243465919, 'splash_impact': 2.082641998176875}"
2026-03-16 04:15:43.590082,A,LTC-USD,57.54,0.112,"{'ticker': 'LTC-USD', 'short_tag': 'LTC', 'spot': 57.54, 'robust_z': np.float64(0.7918875053952853), 'velocity': 0.21370315551757812, 'acceleration': 0.09601402282714844, 'q_mark': 0.112, 'tax_call': 'WATCHING', 'svd_deviation': 0.0021011927395393733, 'gravity_well': 0.9970618047963551, 'mesh_fold': 59.73534767845687, 'splash_impact': 3.9513196797932144}"
2026-03-16 04:15:43.820749,A,ZEC-USD,234.72,0.0384,"{'ticker': 'ZEC-USD', 'short_tag': 'ZEC', 'spot': 234.72, 'robust_z': np.float64(0.12150400067315176), 'velocity': 0.5216827392578125, 'acceleration': -0.0988922119140625, 'q_mark': 0.0384, 'tax_call': 'WATCHING', 'svd_deviation': 0.004813419671086361, 'gravity_well': 0.9933198745102555, 'mesh_fold': 36.62974599416926, 'splash_impact': 0.4881039699462764}"
2026-03-16 04:16:14.359102,A,BTC-USD,73712,0.009,"{'ticker': 'BTC-USD', 'short_tag': 'BTC', 'spot': 73712, 'robust_z': np.float64(0.06051600141095197), 'velocity': 211.5859375, 'acceleration': 129.27734375, 'q_mark': 0.009, 'tax_call': 'WATCHING', 'svd_deviation': 0.0022502921763552313, 'gravity_well': 0.9968524596160131, 'mesh_fold': 42.349404978665895, 'splash_impact': 1.8735809930738019}"
2026-03-16 04:16:14.589152,A,ETH-USD,2257.59,0.0146,"{'ticker': 'ETH-USD', 'short_tag': 'ETH', 'spot': 2257.59, 'robust_z': np.float64(0.09791498642315287), 'velocity': 6.839111328125, 'acceleration': 5.75439453125, 'q_mark': 0.0146, 'tax_call': 'WATCHING', 'svd_deviation': 0.0034287512329570103, 'gravity_well': 0.9952439079096166, 'mesh_fold': 36.71749476621464, 'splash_impact': 2.327734045581167}"
2026-03-16 04:16:14.807885,A,SOL-USD,93.86,0.0504,"{'ticker': 'SOL-USD', 'short_tag': 'SOL', 'spot': 93.86, 'robust_z': np.float64(0.3449477091754029), 'velocity': 0.30451202392578125, 'acceleration': 0.11665725708007812, 'q_mark': 0.0504, 'tax_call': 'WATCHING', 'svd_deviation': 0.0033728194239732653, 'gravity_well': 0.9953232627894754, 'mesh_fold': 34.082102175543184, 'splash_impact': 2.3420772323938386}"
2026-03-16 04:16:15.078866,A,XRP-USD,1.49,0.059,"{'ticker': 'XRP-USD', 'short_tag': 'XRP', 'spot': 1.49, 'robust_z': np.float64(0.4053686842206834), 'velocity': 0.003390073776245117, 'acceleration': 0.0006091594696044922, 'q_mark': 0.059, 'tax_call': 'WATCHING', 'svd_deviation': 0.0028576367778824466, 'gravity_well': 0.9960086745687934, 'mesh_fold': 42.4667784699744, 'splash_impact': 2.3410208744182293}"
2026-03-16 04:16:15.330243,A,DOGE-USD,0.102466,0.0872,"{'ticker': 'DOGE-USD', 'short_tag': 'DOGE', 'spot': 0.102466, 'robust_z': np.float64(0.6079220382065548), 'velocity': 0.00045052915811538696, 'acceleration': 0.00019481033086776733, 'q_mark': 0.0872, 'tax_call': 'WATCHING', 'svd_deviation': 0.0031684546463440566, 'gravity_well': 0.9955947434797514, 'mesh_fold': 48.202054715202586, 'splash_impact': 3.035127347858008}"
2026-03-16 04:16:15.539356,A,BNB-USD,680.27,0.0004,"{'ticker': 'BNB-USD', 'short_tag': 'BNB', 'spot': 680.27, 'robust_z': np.float64(0.0025680910066821355), 'velocity': 2.2138671875, 'acceleration': 0.890228271484375, 'q_mark': 0.0004, 'tax_call': 'WATCHING', 'svd_deviation': 0.0022212292044332623, 'gravity_well': 0.9969017965443645, 'mesh_fold': 33.56859251470233, 'splash_impact': 2.932554721143737}"
2026-03-16 04:16:15.842088,A,ADA-USD,0.291566,0.1062,"{'ticker': 'ADA-USD', 'short_tag': 'ADA', 'spot': 0.291566, 'robust_z': np.float64(0.7481342187276335), 'velocity': 0.0020675063133239746, 'acceleration': 0.0009648054838180542, 'q_mark': 0.1062, 'tax_call': 'WATCHING', 'svd_deviation': 0.0036679674336219915, 'gravity_well': 0.99491465172023, 'mesh_fold': 50.82350843642355, 'splash_impact': 30.301588611554873}"
2026-03-16 04:16:16.288770,A,LINK-USD,9.71,0.0054,"{'ticker': 'LINK-USD', 'short_tag': 'LINK', 'spot': 9.71, 'robust_z': np.float64(0.035954685068698526), 'velocity': 0.027069091796875, 'acceleration': 0.019622325897216797, 'q_mark': 0.0054, 'tax_call': 'WATCHING', 'svd_deviation': 0.0034752125235381266, 'gravity_well': 0.9951570826346665, 'mesh_fold': 39.47066243465919, 'splash_impact': 2.082641998176875}"
2026-03-16 04:16:16.525170,A,LTC-USD,57.54,0.112,"{'ticker': 'LTC-USD', 'short_tag': 'LTC', 'spot': 57.54, 'robust_z': np.float64(0.7918875053952853), 'velocity': 0.21370315551757812, 'acceleration': 0.09601402282714844, 'q_mark': 0.112, 'tax_call': 'WATCHING', 'svd_deviation': 0.0021011927395393733, 'gravity_well': 0.9970618047963551, 'mesh_fold': 59.73534767845687, 'splash_impact': 3.9513196797932144}"
2026-03-16 04:16:16.773579,A,ZEC-USD,234.72,0.0384,"{'ticker': 'ZEC-USD', 'short_tag': 'ZEC', 'spot': 234.72, 'robust_z': np.float64(0.12150400067315176), 'velocity': 0.5216827392578125, 'acceleration': -0.0988922119140625, 'q_mark': 0.0384, 'tax_call': 'WATCHING', 'svd_deviation': 0.004813419671086361, 'gravity_well': 0.9933198745102555, 'mesh_fold': 36.62974599416926, 'splash_impact': 0.4881039699462764}"
2026-03-16 04:16:47.170650,A,BTC-USD,73712,0.0005,"{'ticker': 'BTC-USD', 'short_tag': 'BTC', 'spot': 73712, 'robust_z': np.float64(0.0035090875818156175), 'velocity': 148.0, 'acceleration': 97.484375, 'q_mark': 0.0005, 'tax_call': 'WATCHING', 'svd_deviation': 0.0022316384377190804, 'gravity_well': 0.9968789623347579, 'mesh_fold': 42.16094437822742, 'splash_impact': 1.3106003242354212}"
2026-03-16 04:16:47.580775,A,ETH-USD,2257.59,0.0119,"{'ticker': 'ETH-USD', 'short_tag': 'ETH', 'spot': 2257.59, 'robust_z': np.float64(0.07958402696134), 'velocity': 5.53515625, 'acceleration': 5.1024169921875, 'q_mark': 0.0119, 'tax_call': 'WATCHING', 'svd_deviation': 0.0034197055985187527, 'gravity_well': 0.9952576665845909, 'mesh_fold': 36.64835453692671, 'splash_impact': 4.064416417758125}"
2026-03-16 04:16:47.810176,A,SOL-USD,93.86,0.0499,"{'ticker': 'SOL-USD', 'short_tag': 'SOL', 'spot': 93.86, 'robust_z': np.float64(0.3412120766258956), 'velocity': 0.2978668212890625, 'acceleration': 0.11333465576171875, 'q_mark': 0.0499, 'tax_call': 'WATCHING', 'svd_deviation': 0.003371701790901223, 'gravity_well': 0.9953248032505027, 'mesh_fold': 34.07486914393978, 'splash_impact': 2.6605584234239665}"
2026-03-16 04:16:48.031928,A,XRP-USD,1.49,0.0567,"{'ticker': 'XRP-USD', 'short_tag': 'XRP', 'spot': 1.49, 'robust_z': np.float64(0.3888711802027007), 'velocity': 0.0028058290481567383, 'acceleration': 0.00031703710556030273, 'q_mark': 0.0567, 'tax_call': 'WATCHING', 'svd_deviation': 0.00285317233235768, 'gravity_well': 0.9960147494375259, 'mesh_fold': 42.40239546169957, 'splash_impact': 2.172988382796009}"
2026-03-16 04:16:48.411049,A,DOGE-USD,0.102466,0.0795,"{'ticker': 'DOGE-USD', 'short_tag': 'DOGE', 'spot': 0.102466, 'robust_z': np.float64(0.5521779067061267), 'velocity': -0.00017400085926055908, 'acceleration': -0.000312265008687973, 'q_mark': 0.0795, 'tax_call': 'WATCHING', 'svd_deviation': 0.0031606914667206224, 'gravity_well': 0.9955989918534982, 'mesh_fold': 47.572216457190045, 'splash_impact': 0.0}"
2026-03-16 04:16:48.753701,A,BNB-USD,680.27,0.0,"{'ticker': 'BNB-USD', 'short_tag': 'BNB', 'spot': 680.27, 'robust_z': np.float64(9.616984352346415e-05), 'velocity': 2.1715087890625, 'acceleration': 0.869049072265625, 'q_mark': 0.0, 'tax_call': 'WATCHING', 'svd_deviation': 0.0022195660656902758, 'gravity_well': 0.996904085225037, 'mesh_fold': 33.5596318526961, 'splash_impact': 3.6505276275077816}"
2026-03-16 04:16:48.983608,A,ADA-USD,0.291566,0.0936,"{'ticker': 'ADA-USD', 'short_tag': 'ADA', 'spot': 0.291566, 'robust_z': np.float64(0.6548232163905104), 'velocity': -0.0004857182502746582, 'acceleration': -0.0012766122817993164, 'q_mark': 0.0936, 'tax_call': 'WATCHING', 'svd_deviation': 0.003621672495461239, 'gravity_well': 0.9949673665318521, 'mesh_fold': 49.92509717115769, 'splash_impact': 0.0}"
2026-03-16 04:16:49.420680,A,LINK-USD,9.71,0.0002,"{'ticker': 'LINK-USD', 'short_tag': 'LINK', 'spot': 9.71, 'robust_z': np.float64(0.001649034479597392), 'velocity': -0.007296562194824219, 'acceleration': -0.01718282699584961, 'q_mark': 0.0002, 'tax_call': 'WATCHING', 'svd_deviation': 0.003457501982889666, 'gravity_well': 0.995181640602694, 'mesh_fold': 39.233932849679164, 'splash_impact': 0.0}"
2026-03-16 04:16:49.673711,A,LTC-USD,57.54,0.1124,"{'ticker': 'LTC-USD', 'short_tag': 'LTC', 'spot': 57.54, 'robust_z': np.float64(0.7951307085354493), 'velocity': 0.21713638305664062, 'acceleration': 0.09773063659667969, 'q_mark': 0.1124, 'tax_call': 'WATCHING', 'svd_deviation': 0.00210290656377565, 'gravity_well': 0.9970595111773577, 'mesh_fold': 59.757011778967055, 'splash_impact': 5.286222045653077}"
2026-03-16 04:16:49.911554,A,ZEC-USD,234.72,0.031,"{'ticker': 'ZEC-USD', 'short_tag': 'ZEC', 'spot': 234.72, 'robust_z': np.float64(0.09772103306091834), 'velocity': 0.4302978515625, 'acceleration': -0.14458465576171875, 'q_mark': 0.031, 'tax_call': 'WATCHING', 'svd_deviation': 0.004810399475958164, 'gravity_well': 0.9933238797905919, 'mesh_fold': 36.60157105449264, 'splash_impact': 0.40260524397531255}"
2026-03-16 04:17:20.167997,A,BTC-USD,73712,0.0005,"{'ticker': 'BTC-USD', 'short_tag': 'BTC', 'spot': 73712, 'robust_z': np.float64(0.0035090875818156175), 'velocity': 148.0, 'acceleration': 97.484375, 'q_mark': 0.0005, 'tax_call': 'WATCHING', 'svd_deviation': 0.0022316384377190804, 'gravity_well': 0.9968789623347579, 'mesh_fold': 42.16094437822742, 'splash_impact': 1.3106003242354212}"
2026-03-16 04:17:20.585469,A,ETH-USD,2257.59,0.0119,"{'ticker': 'ETH-USD', 'short_tag': 'ETH', 'spot': 2257.59, 'robust_z': np.float64(0.07958402696134), 'velocity': 5.53515625, 'acceleration': 5.1024169921875, 'q_mark': 0.0119, 'tax_call': 'WATCHING', 'svd_deviation': 0.0034197055985187527, 'gravity_well': 0.9952576665845909, 'mesh_fold': 36.64835453692671, 'splash_impact': 4.064416417758125}"
2026-03-16 04:17:20.828637,A,SOL-USD,93.86,0.0499,"{'ticker': 'SOL-USD', 'short_tag': 'SOL', 'spot': 93.86, 'robust_z': np.float64(0.3412120766258956), 'velocity': 0.2978668212890625, 'acceleration': 0.11333465576171875, 'q_mark': 0.0499, 'tax_call': 'WATCHING', 'svd_deviation': 0.003371701790901223, 'gravity_well': 0.9953248032505027, 'mesh_fold': 34.07486914393978, 'splash_impact': 2.6605584234239665}"
2026-03-16 04:17:21.159964,A,XRP-USD,1.49,0.0567,"{'ticker': 'XRP-USD', 'short_tag': 'XRP', 'spot': 1.49, 'robust_z': np.float64(0.3888711802027007), 'velocity': 0.0028058290481567383, 'acceleration': 0.00031703710556030273, 'q_mark': 0.0567, 'tax_call': 'WATCHING', 'svd_deviation': 0.00285317233235768, 'gravity_well': 0.9960147494375259, 'mesh_fold': 42.40239546169957, 'splash_impact': 2.172988382796009}"
2026-03-16 04:17:21.616008,A,DOGE-USD,0.102466,0.0795,"{'ticker': 'DOGE-USD', 'short_tag': 'DOGE', 'spot': 0.102466, 'robust_z': np.float64(0.5521779067061267), 'velocity': -0.00017400085926055908, 'acceleration': -0.000312265008687973, 'q_mark': 0.0795, 'tax_call': 'WATCHING', 'svd_deviation': 0.0031606914667206224, 'gravity_well': 0.9955989918534982, 'mesh_fold': 47.572216457190045, 'splash_impact': 0.0}"
2026-03-16 04:17:21.864915,A,BNB-USD,680.27,0.0,"{'ticker': 'BNB-USD', 'short_tag': 'BNB', 'spot': 680.27, 'robust_z': np.float64(9.616984352346415e-05), 'velocity': 2.1715087890625, 'acceleration': 0.869049072265625, 'q_mark': 0.0, 'tax_call': 'WATCHING', 'svd_deviation': 0.0022195660656902758, 'gravity_well': 0.996904085225037, 'mesh_fold': 33.5596318526961, 'splash_impact': 3.6505276275077816}"
2026-03-16 04:17:22.136258,A,ADA-USD,0.291566,0.0936,"{'ticker': 'ADA-USD', 'short_tag': 'ADA', 'spot': 0.291566, 'robust_z': np.float64(0.6548232163905104), 'velocity': -0.0004857182502746582, 'acceleration': -0.0012766122817993164, 'q_mark': 0.0936, 'tax_call': 'WATCHING', 'svd_deviation': 0.003621672495461239, 'gravity_well': 0.9949673665318521, 'mesh_fold': 49.92509717115769, 'splash_impact': 0.0}"
2026-03-16 04:17:22.371851,A,LINK-USD,9.71,0.0002,"{'ticker': 'LINK-USD', 'short_tag': 'LINK', 'spot': 9.71, 'robust_z': np.float64(0.001649034479597392), 'velocity': -0.007296562194824219, 'acceleration': -0.01718282699584961, 'q_mark': 0.0002, 'tax_call': 'WATCHING', 'svd_deviation': 0.003457501982889666, 'gravity_well': 0.995181640602694, 'mesh_fold': 39.233932849679164, 'splash_impact': 0.0}"
2026-03-16 04:17:22.602161,A,LTC-USD,57.54,0.1124,"{'ticker': 'LTC-USD', 'short_tag': 'LTC', 'spot': 57.54, 'robust_z': np.float64(0.7951307085354493), 'velocity': 0.21713638305664062, 'acceleration': 0.09773063659667969, 'q_mark': 0.1124, 'tax_call': 'WATCHING', 'svd_deviation': 0.00210290656377565, 'gravity_well': 0.9970595111773577, 'mesh_fold': 59.757011778967055, 'splash_impact': 5.286222045653077}"
2026-03-16 04:17:22.833795,A,ZEC-USD,234.72,0.031,"{'ticker': 'ZEC-USD', 'short_tag': 'ZEC', 'spot': 234.72, 'robust_z': np.float64(0.09772103306091834), 'velocity': 0.4302978515625, 'acceleration': -0.14458465576171875, 'q_mark': 0.031, 'tax_call': 'WATCHING', 'svd_deviation': 0.004810399475958164, 'gravity_well': 0.9933238797905919, 'mesh_fold': 36.60157105449264, 'splash_impact': 0.40260524397531255}"
2026-03-16 04:17:53.207034,A,BTC-USD,73712,0.0167,"{'ticker': 'BTC-USD', 'short_tag': 'BTC', 'spot': 73712, 'robust_z': np.float64(-0.11213516034202993), 'velocity': -123.734375, 'acceleration': -135.8671875, 'q_mark': 0.0167, 'tax_call': 'WATCHING', 'svd_deviation': 0.0022265801591203733, 'gravity_well': 0.9968859082877819, 'mesh_fold': 41.669247690501, 'splash_impact': 0.0}"
2026-03-16 04:17:53.463002,A,ETH-USD,2257.59,0.001,"{'ticker': 'ETH-USD', 'short_tag': 'ETH', 'spot': 2257.59, 'robust_z': np.float64(0.006507301842276205), 'velocity': -4.609375, 'acceleration': -5.072265625, 'q_mark': 0.001, 'tax_call': 'WATCHING', 'svd_deviation': 0.0034106130104010193, 'gravity_well': 0.995272538741842, 'mesh_fold': 36.318241930888846, 'splash_impact': 0.0}"
2026-03-16 04:17:54.068642,A,SOL-USD,93.86,0.0424,"{'ticker': 'SOL-USD', 'short_tag': 'SOL', 'spot': 93.86, 'robust_z': np.float64(0.2887332875960559), 'velocity': -0.08377838134765625, 'acceleration': -0.19082260131835938, 'q_mark': 0.0424, 'tax_call': 'WATCHING', 'svd_deviation': 0.003361560092348654, 'gravity_well': 0.9953358948824432, 'mesh_fold': 33.88239608511698, 'splash_impact': 0.0}"
2026-03-16 04:17:54.628453,A,XRP-USD,1.49,0.0518,"{'ticker': 'XRP-USD', 'short_tag': 'XRP', 'spot': 1.49, 'robust_z': np.float64(0.3549137005728337), 'velocity': -0.001333475112915039, 'acceleration': -0.0020696520805358887, 'q_mark': 0.0518, 'tax_call': 'WATCHING', 'svd_deviation': 0.002853105249175639, 'gravity_well': 0.9960130293795509, 'mesh_fold': 42.160695941751214, 'splash_impact': 0.0}"
2026-03-16 04:17:54.965487,A,DOGE-USD,0.102466,0.0795,"{'ticker': 'DOGE-USD', 'short_tag': 'DOGE', 'spot': 0.102466, 'robust_z': np.float64(0.5521779067061267), 'velocity': -0.00017400085926055908, 'acceleration': -0.000312265008687973, 'q_mark': 0.0795, 'tax_call': 'WATCHING', 'svd_deviation': 0.0031606914667206224, 'gravity_well': 0.9955989918534982, 'mesh_fold': 47.572216457190045, 'splash_impact': 0.0}"
2026-03-16 04:17:55.386474,A,BNB-USD,680.27,0.0079,"{'ticker': 'BNB-USD', 'short_tag': 'BNB', 'spot': 680.27, 'robust_z': np.float64(-0.05289509386630296), 'velocity': -0.4388427734375, 'acceleration': -1.30517578125, 'q_mark': 0.0079, 'tax_call': 'WATCHING', 'svd_deviation': 0.0022047268906800997, 'gravity_well': 0.9969219743960369, 'mesh_fold': 33.32231007150461, 'splash_impact': 0.0}"
2026-03-16 04:17:55.730754,A,ADA-USD,0.291566,0.0856,"{'ticker': 'ADA-USD', 'short_tag': 'ADA', 'spot': 0.291566, 'robust_z': np.float64(0.5968576198704083), 'velocity': -0.001360386610031128, 'acceleration': -0.0017139464616775513, 'q_mark': 0.0856, 'tax_call': 'WATCHING', 'svd_deviation': 0.0036946365293045124, 'gravity_well': 0.9948626951444445, 'mesh_fold': 49.293087544742534, 'splash_impact': 0.12069527060511362}"
2026-03-16 04:17:55.970274,A,LINK-USD,9.71,0.0104,"{'ticker': 'LINK-USD', 'short_tag': 'LINK', 'spot': 9.71, 'robust_z': np.float64(-0.0694680287205098), 'velocity': -0.028615951538085938, 'acceleration': -0.02784252166748047, 'q_mark': 0.0104, 'tax_call': 'WATCHING', 'svd_deviation': 0.003483781574370729, 'gravity_well': 0.9951451924569709, 'mesh_fold': 38.93068421648953, 'splash_impact': 0.0}"
2026-03-16 04:17:56.218279,A,LTC-USD,57.54,0.0913,"{'ticker': 'LTC-USD', 'short_tag': 'LTC', 'spot': 57.54, 'robust_z': np.float64(0.6383411203873358), 'velocity': -0.0514068603515625, 'acceleration': -0.13427162170410156, 'q_mark': 0.0913, 'tax_call': 'WATCHING', 'svd_deviation': 0.0020877655966895056, 'gravity_well': 0.9970757677682544, 'mesh_fold': 58.99750072695654, 'splash_impact': 0.0}"
2026-03-16 04:17:56.503141,A,ZEC-USD,234.72,0.0012,"{'ticker': 'ZEC-USD', 'short_tag': 'ZEC', 'spot': 234.72, 'robust_z': np.float64(-0.0038102784144160903), 'velocity': -0.3499603271484375, 'acceleration': -0.39012908935546875, 'q_mark': 0.0012, 'tax_call': 'WATCHING', 'svd_deviation': 0.00481302955282003, 'gravity_well': 0.9933194714304342, 'mesh_fold': 36.455063581329064, 'splash_impact': 0.0}"
2026-03-16 04:18:27.047018,A,BTC-USD,73712,0.0167,"{'ticker': 'BTC-USD', 'short_tag': 'BTC', 'spot': 73712, 'robust_z': np.float64(-0.11213516034202993), 'velocity': -123.734375, 'acceleration': -135.8671875, 'q_mark': 0.0167, 'tax_call': 'WATCHING', 'svd_deviation': 0.0022265801591203733, 'gravity_well': 0.9968859082877819, 'mesh_fold': 41.669247690501, 'splash_impact': 0.0}"
2026-03-16 04:18:27.279249,A,ETH-USD,2257.59,0.001,"{'ticker': 'ETH-USD', 'short_tag': 'ETH', 'spot': 2257.59, 'robust_z': np.float64(0.006507301842276205), 'velocity': -4.609375, 'acceleration': -5.072265625, 'q_mark': 0.001, 'tax_call': 'WATCHING', 'svd_deviation': 0.0034106130104010193, 'gravity_well': 0.995272538741842, 'mesh_fold': 36.318241930888846, 'splash_impact': 0.0}"
2026-03-16 04:18:27.641770,A,SOL-USD,93.86,0.0424,"{'ticker': 'SOL-USD', 'short_tag': 'SOL', 'spot': 93.86, 'robust_z': np.float64(0.2887332875960559), 'velocity': -0.08377838134765625, 'acceleration': -0.19082260131835938, 'q_mark': 0.0424, 'tax_call': 'WATCHING', 'svd_deviation': 0.003361560092348654, 'gravity_well': 0.9953358948824432, 'mesh_fold': 33.88239608511698, 'splash_impact': 0.0}"
2026-03-16 04:18:27.889102,A,XRP-USD,1.49,0.0394,"{'ticker': 'XRP-USD', 'short_tag': 'XRP', 'spot': 1.49, 'robust_z': np.float64(0.26788480999583486), 'velocity': -0.004106402397155762, 'acceleration': -0.00345611572265625, 'q_mark': 0.0394, 'tax_call': 'WATCHING', 'svd_deviation': 0.0028839400273241093, 'gravity_well': 0.9959699582642451, 'mesh_fold': 41.868724334621284, 'splash_impact': 0.03894993766620129}"
2026-03-16 04:18:28.156427,A,DOGE-USD,0.102466,0.0795,"{'ticker': 'DOGE-USD', 'short_tag': 'DOGE', 'spot': 0.102466, 'robust_z': np.float64(0.5521779067061267), 'velocity': -0.00017400085926055908, 'acceleration': -0.000312265008687973, 'q_mark': 0.0795, 'tax_call': 'WATCHING', 'svd_deviation': 0.0031606914667206224, 'gravity_well': 0.9955989918534982, 'mesh_fold': 47.572216457190045, 'splash_impact': 0.04622194533489414}"
2026-03-16 04:18:28.561269,A,BNB-USD,680.27,0.0079,"{'ticker': 'BNB-USD', 'short_tag': 'BNB', 'spot': 680.27, 'robust_z': np.float64(-0.05289509386630296), 'velocity': -0.4388427734375, 'acceleration': -1.30517578125, 'q_mark': 0.0079, 'tax_call': 'WATCHING', 'svd_deviation': 0.0022047268906800997, 'gravity_well': 0.9969219743960369, 'mesh_fold': 33.32231007150461, 'splash_impact': 0.0047476183872718555}"
2026-03-16 04:18:29.119731,A,ADA-USD,0.291566,0.0842,"{'ticker': 'ADA-USD', 'short_tag': 'ADA', 'spot': 0.291566, 'robust_z': np.float64(0.5867374891481008), 'velocity': -0.0015130937099456787, 'acceleration': -0.0017903000116348267, 'q_mark': 0.0842, 'tax_call': 'WATCHING', 'svd_deviation': 0.0037123422134648716, 'gravity_well': 0.994838069469161, 'mesh_fold': 49.185470104853565, 'splash_impact': 0.36983718626673073}"
2026-03-16 04:18:29.526156,A,LINK-USD,9.71,0.0132,"{'ticker': 'LINK-USD', 'short_tag': 'LINK', 'spot': 9.71, 'robust_z': np.float64(-0.08843638208582467), 'velocity': -0.03368949890136719, 'acceleration': -0.030379295349121094, 'q_mark': 0.0132, 'tax_call': 'WATCHING', 'svd_deviation': 0.003493869576491464, 'gravity_well': 0.9951313845499883, 'mesh_fold': 38.85993989285238, 'splash_impact': 0.26126590500024227}"
2026-03-16 04:18:29.875997,A,LTC-USD,57.54,0.0841,"{'ticker': 'LTC-USD', 'short_tag': 'LTC', 'spot': 57.54, 'robust_z': np.float64(0.5853386197431285), 'velocity': -0.1062164306640625, 'acceleration': -0.16167640686035156, 'q_mark': 0.0841, 'tax_call': 'WATCHING', 'svd_deviation': 0.0021046781164580303, 'gravity_well': 0.9970512406250073, 'mesh_fold': 58.66982540173555, 'splash_impact': 0.19683909849657066}"
2026-03-16 04:18:30.203059,A,ZEC-USD,234.72,0.0439,"{'ticker': 'ZEC-USD', 'short_tag': 'ZEC', 'spot': 234.72, 'robust_z': np.float64(-0.13930250807639608), 'velocity': -0.9107513427734375, 'acceleration': -0.6705245971679688, 'q_mark': 0.0439, 'tax_call': 'WATCHING', 'svd_deviation': 0.004843431731447818, 'gravity_well': 0.9932767289889939, 'mesh_fold': 36.28833772686418, 'splash_impact': 0.0}"
2026-03-16 04:19:00.610362,A,BTC-USD,73712,0.0341,"{'ticker': 'BTC-USD', 'short_tag': 'BTC', 'spot': 73712, 'robust_z': np.float64(-0.23102606745044416), 'velocity': -250.7734375, 'acceleration': -199.38671875, 'q_mark': 0.0341, 'tax_call': 'WATCHING', 'svd_deviation': 0.0022646042832901035, 'gravity_well': 0.996833862615504, 'mesh_fold': 41.32050257468761, 'splash_impact': 0.013123648727884796}"
2026-03-16 04:19:00.836122,A,ETH-USD,2257.59,0.0063,"{'ticker': 'ETH-USD', 'short_tag': 'ETH', 'spot': 2257.59, 'robust_z': np.float64(-0.042256276520097384), 'velocity': -8.6669921875, 'acceleration': -7.10107421875, 'q_mark': 0.0063, 'tax_call': 'WATCHING', 'svd_deviation': 0.0034437043869561678, 'gravity_well': 0.995227919714817, 'mesh_fold': 36.116004276026054, 'splash_impact': 0.0}"
2026-03-16 04:19:01.351304,A,SOL-USD,93.86,0.0282,"{'ticker': 'SOL-USD', 'short_tag': 'SOL', 'spot': 93.86, 'robust_z': np.float64(0.1909927317144186), 'velocity': -0.252410888671875, 'acceleration': -0.27513885498046875, 'q_mark': 0.0282, 'tax_call': 'WATCHING', 'svd_deviation': 0.0033872032877967813, 'gravity_well': 0.9952988948559467, 'mesh_fold': 33.70821016272988, 'splash_impact': 0.0}"
2026-03-16 04:19:01.594448,A,XRP-USD,1.49,0.0394,"{'ticker': 'XRP-USD', 'short_tag': 'XRP', 'spot': 1.49, 'robust_z': np.float64(0.26788480999583486), 'velocity': -0.004106402397155762, 'acceleration': -0.00345611572265625, 'q_mark': 0.0394, 'tax_call': 'WATCHING', 'svd_deviation': 0.0028839400273241093, 'gravity_well': 0.9959699582642451, 'mesh_fold': 41.868724334621284, 'splash_impact': 0.03894993766620129}"
2026-03-16 04:19:01.848067,A,DOGE-USD,0.102466,0.0682,"{'ticker': 'DOGE-USD', 'short_tag': 'DOGE', 'spot': 0.102466, 'robust_z': np.float64(0.4708184755211816), 'velocity': -0.00045934319496154785, 'acceleration': -0.0004549361765384674, 'q_mark': 0.0682, 'tax_call': 'WATCHING', 'svd_deviation': 0.003228686511088915, 'gravity_well': 0.99550325601001, 'mesh_fold': 47.04018258641727, 'splash_impact': 0.12203509462632138}"
2026-03-16 04:19:02.369082,A,BNB-USD,680.27,0.0198,"{'ticker': 'BNB-USD', 'short_tag': 'BNB', 'spot': 680.27, 'robust_z': np.float64(-0.13317564321372466), 'velocity': -1.1036376953125, 'acceleration': -1.6375732421875, 'q_mark': 0.0198, 'tax_call': 'WATCHING', 'svd_deviation': 0.0022169931029232337, 'gravity_well': 0.9969038216151893, 'mesh_fold': 33.19015826971444, 'splash_impact': 0.011940430348745333}"
2026-03-16 04:19:02.593179,A,ADA-USD,0.291566,0.0842,"{'ticker': 'ADA-USD', 'short_tag': 'ADA', 'spot': 0.291566, 'robust_z': np.float64(0.5867374891481008), 'velocity': -0.0015130937099456787, 'acceleration': -0.0017903000116348267, 'q_mark': 0.0842, 'tax_call': 'WATCHING', 'svd_deviation': 0.0037123422134648716, 'gravity_well': 0.994838069469161, 'mesh_fold': 49.185470104853565, 'splash_impact': 0.36983718626673073}"
2026-03-16 04:19:02.948331,A,LINK-USD,9.71,0.0132,"{'ticker': 'LINK-USD', 'short_tag': 'LINK', 'spot': 9.71, 'robust_z': np.float64(-0.08843638208582467), 'velocity': -0.03368949890136719, 'acceleration': -0.030379295349121094, 'q_mark': 0.0132, 'tax_call': 'WATCHING', 'svd_deviation': 0.003493869576491464, 'gravity_well': 0.9951313845499883, 'mesh_fold': 38.85993989285238, 'splash_impact': 0.26126590500024227}"
2026-03-16 04:19:03.415939,A,LTC-USD,57.54,0.298,"{'ticker': 'LTC-USD', 'short_tag': 'LTC', 'spot': 57.54, 'robust_z': np.float64(2.3589950590882522), 'velocity': 0.15307989758487395, 'acceleration': -0.015869221454604343, 'q_mark': 0.298, 'tax_call': 'AVOID (Overbought Breakdown)', 'svd_deviation': 0.0036315365098709257, 'gravity_well': 0.9949760137495796, 'mesh_fold': 15.581297263298165, 'splash_impact': 1.3642548172647588}"
2026-03-16 04:19:03.855686,A,ZEC-USD,234.72,0.0439,"{'ticker': 'ZEC-USD', 'short_tag': 'ZEC', 'spot': 234.72, 'robust_z': np.float64(-0.13930250807639608), 'velocity': -0.9107513427734375, 'acceleration': -0.6705245971679688, 'q_mark': 0.0439, 'tax_call': 'WATCHING', 'svd_deviation': 0.004843431731447818, 'gravity_well': 0.9932767289889939, 'mesh_fold': 36.28833772686418, 'splash_impact': 0.0}"
